[{"model": "admin.logentry", "pk": 1, "fields": {"action_time": "2021-08-28T14:45:27.020Z", "user": 1, "content_type": 6, "object_id": "1", "object_repr": "Shirts", "action_flag": 1, "change_message": "[{\"added\": {}}]"}}, {"model": "admin.logentry", "pk": 2, "fields": {"action_time": "2021-08-28T14:48:35.648Z", "user": 1, "content_type": 6, "object_id": "1", "object_repr": "Shirts", "action_flag": 3, "change_message": ""}}, {"model": "admin.logentry", "pk": 3, "fields": {"action_time": "2021-08-28T14:49:00.257Z", "user": 1, "content_type": 6, "object_id": "2", "object_repr": "Shirts", "action_flag": 1, "change_message": "[{\"added\": {}}]"}}, {"model": "admin.logentry", "pk": 4, "fields": {"action_time": "2021-08-28T14:58:00.854Z", "user": 1, "content_type": 6, "object_id": "3", "object_repr": "T Shirt", "action_flag": 1, "change_message": "[{\"added\": {}}]"}}, {"model": "admin.logentry", "pk": 5, "fields": {"action_time": "2021-08-28T14:58:38.714Z", "user": 1, "content_type": 6, "object_id": "4", "object_repr": "Shoes", "action_flag": 1, "change_message": "[{\"added\": {}}]"}}, {"model": "admin.logentry", "pk": 6, "fields": {"action_time": "2021-08-28T15:00:06.651Z", "user": 1, "content_type": 6, "object_id": "5", "object_repr": "Jeans", "action_flag": 1, "change_message": "[{\"added\": {}}]"}}, {"model": "admin.logentry", "pk": 7, "fields": {"action_time": "2021-08-28T15:00:27.351Z", "user": 1, "content_type": 6, "object_id": "6", "object_repr": "Jackets", "action_flag": 1, "change_message": "[{\"added\": {}}]"}}, {"model": "admin.logentry", "pk": 8, "fields": {"action_time": "2021-08-28T15:42:15.742Z", "user": 1, "content_type": 8, "object_id": "1", "object_repr": "Product object (1)", "action_flag": 1, "change_message": "[{\"added\": {}}]"}}, {"model": "admin.logentry", "pk": 9, "fields": {"action_time": "2021-08-28T15:42:18.818Z", "user": 1, "content_type": 8, "object_id": "1", "object_repr": "Product object (1)", "action_flag": 2, "change_message": "[]"}}, {"model": "admin.logentry", "pk": 10, "fields": {"action_time": "2021-08-28T15:45:37.442Z", "user": 1, "content_type": 8, "object_id": "1", "object_repr": "Product object (1)", "action_flag": 2, "change_message": "[]"}}, {"model": "admin.logentry", "pk": 11, "fields": {"action_time": "2021-08-28T15:48:34.139Z", "user": 1, "content_type": 8, "object_id": "2", "object_repr": "Product object (2)", "action_flag": 1, "change_message": "[{\"added\": {}}]"}}, {"model": "admin.logentry", "pk": 12, "fields": {"action_time": "2021-08-28T15:49:34.857Z", "user": 1, "content_type": 8, "object_id": "3", "object_repr": "Product object (3)", "action_flag": 1, "change_message": "[{\"added\": {}}]"}}, {"model": "admin.logentry", "pk": 13, "fields": {"action_time": "2021-08-28T15:51:02.990Z", "user": 1, "content_type": 8, "object_id": "4", "object_repr": "Product object (4)", "action_flag": 1, "change_message": "[{\"added\": {}}]"}}, {"model": "admin.logentry", "pk": 14, "fields": {"action_time": "2021-08-28T15:51:07.324Z", "user": 1, "content_type": 8, "object_id": "4", "object_repr": "Product object (4)", "action_flag": 2, "change_message": "[{\"changed\": {\"fields\": [\"Is available\"]}}]"}}, {"model": "admin.logentry", "pk": 15, "fields": {"action_time": "2021-08-28T15:51:10.956Z", "user": 1, "content_type": 8, "object_id": "4", "object_repr": "Product object (4)", "action_flag": 2, "change_message": "[{\"changed\": {\"fields\": [\"Is available\"]}}]"}}, {"model": "admin.logentry", "pk": 16, "fields": {"action_time": "2021-08-28T15:52:42.818Z", "user": 1, "content_type": 8, "object_id": "5", "object_repr": "Product object (5)", "action_flag": 1, "change_message": "[{\"added\": {}}]"}}, {"model": "admin.logentry", "pk": 17, "fields": {"action_time": "2021-08-28T15:53:20.012Z", "user": 1, "content_type": 8, "object_id": "6", "object_repr": "Product object (6)", "action_flag": 1, "change_message": "[{\"added\": {}}]"}}, {"model": "admin.logentry", "pk": 18, "fields": {"action_time": "2021-08-28T15:54:49.913Z", "user": 1, "content_type": 8, "object_id": "7", "object_repr": "Product object (7)", "action_flag": 1, "change_message": "[{\"added\": {}}]"}}, {"model": "admin.logentry", "pk": 19, "fields": {"action_time": "2021-08-28T15:55:37.884Z", "user": 1, "content_type": 8, "object_id": "8", "object_repr": "Product object (8)", "action_flag": 1, "change_message": "[{\"added\": {}}]"}}, {"model": "admin.logentry", "pk": 20, "fields": {"action_time": "2021-08-29T19:11:24.467Z", "user": 1, "content_type": 8, "object_id": "3", "object_repr": "Product object (3)", "action_flag": 2, "change_message": "[{\"changed\": {\"fields\": [\"Stock\"]}}]"}}, {"model": "admin.logentry", "pk": 21, "fields": {"action_time": "2021-09-16T16:28:50.728Z", "user": 1, "content_type": 8, "object_id": "1", "object_repr": "Product object (1)", "action_flag": 2, "change_message": "[{\"changed\": {\"fields\": [\"Description\"]}}]"}}, {"model": "admin.logentry", "pk": 22, "fields": {"action_time": "2021-09-16T17:52:23.696Z", "user": 1, "content_type": 11, "object_id": "1", "object_repr": "Variation object (1)", "action_flag": 1, "change_message": "[{\"added\": {}}]"}}, {"model": "admin.logentry", "pk": 23, "fields": {"action_time": "2021-09-16T17:52:51.659Z", "user": 1, "content_type": 11, "object_id": "2", "object_repr": "Variation object (2)", "action_flag": 1, "change_message": "[{\"added\": {}}]"}}, {"model": "admin.logentry", "pk": 24, "fields": {"action_time": "2021-09-16T17:53:42.067Z", "user": 1, "content_type": 11, "object_id": "3", "object_repr": "Variation object (3)", "action_flag": 1, "change_message": "[{\"added\": {}}]"}}, {"model": "admin.logentry", "pk": 25, "fields": {"action_time": "2021-09-16T18:34:14.415Z", "user": 1, "content_type": 11, "object_id": "4", "object_repr": "Variation object (4)", "action_flag": 1, "change_message": "[{\"added\": {}}]"}}, {"model": "admin.logentry", "pk": 26, "fields": {"action_time": "2021-09-16T19:02:41.838Z", "user": 1, "content_type": 11, "object_id": "5", "object_repr": "Variation object (5)", "action_flag": 1, "change_message": "[{\"added\": {}}]"}}, {"model": "admin.logentry", "pk": 27, "fields": {"action_time": "2021-09-16T19:02:49.933Z", "user": 1, "content_type": 11, "object_id": "6", "object_repr": "Variation object (6)", "action_flag": 1, "change_message": "[{\"added\": {}}]"}}, {"model": "admin.logentry", "pk": 28, "fields": {"action_time": "2021-09-17T11:46:39.170Z", "user": 1, "content_type": 10, "object_id": "9", "object_repr": "CartItem object (9)", "action_flag": 3, "change_message": ""}}, {"model": "admin.logentry", "pk": 29, "fields": {"action_time": "2021-09-17T11:46:41.925Z", "user": 1, "content_type": 10, "object_id": "8", "object_repr": "CartItem object (8)", "action_flag": 3, "change_message": ""}}, {"model": "admin.logentry", "pk": 30, "fields": {"action_time": "2021-09-17T12:46:43.991Z", "user": 1, "content_type": 9, "object_id": "3", "object_repr": "1xxuyltza60lcwgi246ip3mt1ztufb95", "action_flag": 3, "change_message": ""}}, {"model": "admin.logentry", "pk": 31, "fields": {"action_time": "2021-09-17T12:46:46.449Z", "user": 1, "content_type": 9, "object_id": "2", "object_repr": "2cvyhmelo3hxkxpop2g1hlamlll9a9dm", "action_flag": 3, "change_message": ""}}, {"model": "admin.logentry", "pk": 32, "fields": {"action_time": "2021-09-17T12:46:49.149Z", "user": 1, "content_type": 9, "object_id": "1", "object_repr": "x5sud3n6op73tzlti3h36j8bo6si1ndl", "action_flag": 3, "change_message": ""}}, {"model": "admin.logentry", "pk": 33, "fields": {"action_time": "2021-09-17T22:24:09.485Z", "user": 1, "content_type": 7, "object_id": "3", "object_repr": "pene@gmail.com", "action_flag": 3, "change_message": ""}}, {"model": "admin.logentry", "pk": 34, "fields": {"action_time": "2021-09-17T22:24:25.894Z", "user": 1, "content_type": 7, "object_id": "4", "object_repr": "pene@gmail.com", "action_flag": 3, "change_message": ""}}, {"model": "admin.logentry", "pk": 35, "fields": {"action_time": "2021-09-19T17:57:45.533Z", "user": 1, "content_type": 7, "object_id": "8", "object_repr": "tsvwdrnzascxiggzfs@mrvpm.net", "action_flag": 3, "change_message": ""}}, {"model": "admin.logentry", "pk": 36, "fields": {"action_time": "2021-09-19T17:57:45.542Z", "user": 1, "content_type": 7, "object_id": "7", "object_repr": "vdfvfdb@gmail.com", "action_flag": 3, "change_message": ""}}, {"model": "admin.logentry", "pk": 37, "fields": {"action_time": "2021-09-19T17:57:45.551Z", "user": 1, "content_type": 7, "object_id": "6", "object_repr": "vfdvfvddf@gmail.com", "action_flag": 3, "change_message": ""}}, {"model": "admin.logentry", "pk": 38, "fields": {"action_time": "2021-09-19T17:57:53.372Z", "user": 1, "content_type": 7, "object_id": "5", "object_repr": "penezote@gmail.com", "action_flag": 3, "change_message": ""}}, {"model": "admin.logentry", "pk": 39, "fields": {"action_time": "2021-09-19T17:57:53.377Z", "user": 1, "content_type": 7, "object_id": "2", "object_repr": "elvergas@gmail.com", "action_flag": 3, "change_message": ""}}, {"model": "admin.logentry", "pk": 40, "fields": {"action_time": "2021-09-19T17:59:43.400Z", "user": 1, "content_type": 7, "object_id": "9", "object_repr": "tsvwdrnzascxiggzfs@mrvpm.net", "action_flag": 3, "change_message": ""}}, {"model": "admin.logentry", "pk": 41, "fields": {"action_time": "2021-09-22T12:59:19.140Z", "user": 1, "content_type": 7, "object_id": "15", "object_repr": "ciqbfzoiyofiumsahv@mrvpt.com", "action_flag": 3, "change_message": ""}}, {"model": "admin.logentry", "pk": 42, "fields": {"action_time": "2021-09-22T12:59:19.151Z", "user": 1, "content_type": 7, "object_id": "14", "object_repr": "bbykiakbzxznvpgntj@adfskj.com", "action_flag": 3, "change_message": ""}}, {"model": "admin.logentry", "pk": 43, "fields": {"action_time": "2021-09-22T12:59:19.158Z", "user": 1, "content_type": 7, "object_id": "13", "object_repr": "pene22@gmail.com", "action_flag": 3, "change_message": ""}}, {"model": "admin.logentry", "pk": 44, "fields": {"action_time": "2021-09-22T12:59:19.167Z", "user": 1, "content_type": 7, "object_id": "12", "object_repr": "pene2@gmail.com", "action_flag": 3, "change_message": ""}}, {"model": "admin.logentry", "pk": 45, "fields": {"action_time": "2021-09-22T12:59:19.176Z", "user": 1, "content_type": 7, "object_id": "11", "object_repr": "pene@gmail.com", "action_flag": 3, "change_message": ""}}, {"model": "admin.logentry", "pk": 46, "fields": {"action_time": "2021-09-23T15:05:41.011Z", "user": 1, "content_type": 10, "object_id": "39", "object_repr": "CartItem object (39)", "action_flag": 3, "change_message": ""}}, {"model": "admin.logentry", "pk": 47, "fields": {"action_time": "2021-09-23T15:05:41.016Z", "user": 1, "content_type": 10, "object_id": "38", "object_repr": "CartItem object (38)", "action_flag": 3, "change_message": ""}}, {"model": "admin.logentry", "pk": 48, "fields": {"action_time": "2021-09-23T15:05:41.020Z", "user": 1, "content_type": 10, "object_id": "37", "object_repr": "CartItem object (37)", "action_flag": 3, "change_message": ""}}, {"model": "admin.logentry", "pk": 49, "fields": {"action_time": "2021-09-23T15:05:41.024Z", "user": 1, "content_type": 10, "object_id": "36", "object_repr": "CartItem object (36)", "action_flag": 3, "change_message": ""}}, {"model": "admin.logentry", "pk": 50, "fields": {"action_time": "2021-09-23T15:05:41.028Z", "user": 1, "content_type": 10, "object_id": "35", "object_repr": "CartItem object (35)", "action_flag": 3, "change_message": ""}}, {"model": "admin.logentry", "pk": 51, "fields": {"action_time": "2021-09-23T15:05:41.032Z", "user": 1, "content_type": 10, "object_id": "29", "object_repr": "CartItem object (29)", "action_flag": 3, "change_message": ""}}, {"model": "admin.logentry", "pk": 52, "fields": {"action_time": "2021-09-23T15:32:34.490Z", "user": 1, "content_type": 10, "object_id": "44", "object_repr": "CartItem object (44)", "action_flag": 3, "change_message": ""}}, {"model": "admin.logentry", "pk": 53, "fields": {"action_time": "2021-09-23T15:32:34.502Z", "user": 1, "content_type": 10, "object_id": "43", "object_repr": "CartItem object (43)", "action_flag": 3, "change_message": ""}}, {"model": "admin.logentry", "pk": 54, "fields": {"action_time": "2021-09-23T15:32:34.510Z", "user": 1, "content_type": 10, "object_id": "41", "object_repr": "CartItem object (41)", "action_flag": 3, "change_message": ""}}, {"model": "admin.logentry", "pk": 55, "fields": {"action_time": "2021-09-23T15:32:34.517Z", "user": 1, "content_type": 10, "object_id": "40", "object_repr": "CartItem object (40)", "action_flag": 3, "change_message": ""}}, {"model": "admin.logentry", "pk": 56, "fields": {"action_time": "2021-09-23T15:32:34.524Z", "user": 1, "content_type": 10, "object_id": "42", "object_repr": "CartItem object (42)", "action_flag": 3, "change_message": ""}}, {"model": "admin.logentry", "pk": 57, "fields": {"action_time": "2021-09-30T00:09:34.802Z", "user": 1, "content_type": 15, "object_id": "1", "object_repr": "xsaxsa", "action_flag": 3, "change_message": ""}}, {"model": "admin.logentry", "pk": 58, "fields": {"action_time": "2021-09-30T01:11:58.461Z", "user": 1, "content_type": 7, "object_id": "18", "object_repr": "qejrqblocbuxfanikl@sdvft.com", "action_flag": 3, "change_message": ""}}, {"model": "admin.logentry", "pk": 59, "fields": {"action_time": "2021-09-30T01:11:58.465Z", "user": 1, "content_type": 7, "object_id": "17", "object_repr": "fpz91336@zwoho.com", "action_flag": 3, "change_message": ""}}, {"model": "admin.logentry", "pk": 60, "fields": {"action_time": "2021-09-30T01:11:58.469Z", "user": 1, "content_type": 7, "object_id": "16", "object_repr": "dpowvezapadlabxpbi@mrvpm.net", "action_flag": 3, "change_message": ""}}, {"model": "admin.logentry", "pk": 61, "fields": {"action_time": "2021-09-30T01:11:58.474Z", "user": 1, "content_type": 7, "object_id": "10", "object_repr": "tsvwdrnzascxiggzfs@mrvpm.net", "action_flag": 3, "change_message": ""}}, {"model": "admin.logentry", "pk": 62, "fields": {"action_time": "2021-09-30T17:04:18.324Z", "user": 1, "content_type": 15, "object_id": "22", "object_repr": "dsfsd", "action_flag": 3, "change_message": ""}}, {"model": "admin.logentry", "pk": 63, "fields": {"action_time": "2021-09-30T17:04:18.329Z", "user": 1, "content_type": 15, "object_id": "21", "object_repr": "dsfsd", "action_flag": 3, "change_message": ""}}, {"model": "admin.logentry", "pk": 64, "fields": {"action_time": "2021-09-30T17:04:18.338Z", "user": 1, "content_type": 15, "object_id": "20", "object_repr": "dsfsd", "action_flag": 3, "change_message": ""}}, {"model": "admin.logentry", "pk": 65, "fields": {"action_time": "2021-09-30T17:04:18.346Z", "user": 1, "content_type": 15, "object_id": "19", "object_repr": "dsfsd", "action_flag": 3, "change_message": ""}}, {"model": "admin.logentry", "pk": 66, "fields": {"action_time": "2021-09-30T17:04:18.353Z", "user": 1, "content_type": 15, "object_id": "18", "object_repr": "acsda", "action_flag": 3, "change_message": ""}}, {"model": "admin.logentry", "pk": 67, "fields": {"action_time": "2021-09-30T17:04:18.361Z", "user": 1, "content_type": 15, "object_id": "17", "object_repr": "Mateo", "action_flag": 3, "change_message": ""}}, {"model": "admin.logentry", "pk": 68, "fields": {"action_time": "2021-09-30T17:04:18.368Z", "user": 1, "content_type": 15, "object_id": "16", "object_repr": "Mateo", "action_flag": 3, "change_message": ""}}, {"model": "admin.logentry", "pk": 69, "fields": {"action_time": "2021-09-30T17:04:18.376Z", "user": 1, "content_type": 15, "object_id": "15", "object_repr": "Mateo", "action_flag": 3, "change_message": ""}}, {"model": "admin.logentry", "pk": 70, "fields": {"action_time": "2021-09-30T17:04:18.384Z", "user": 1, "content_type": 15, "object_id": "14", "object_repr": "Mateo", "action_flag": 3, "change_message": ""}}, {"model": "admin.logentry", "pk": 71, "fields": {"action_time": "2021-09-30T17:04:18.391Z", "user": 1, "content_type": 15, "object_id": "13", "object_repr": "Mateo", "action_flag": 3, "change_message": ""}}, {"model": "admin.logentry", "pk": 72, "fields": {"action_time": "2021-09-30T17:04:18.399Z", "user": 1, "content_type": 15, "object_id": "12", "object_repr": "Mateo", "action_flag": 3, "change_message": ""}}, {"model": "admin.logentry", "pk": 73, "fields": {"action_time": "2021-09-30T17:04:18.407Z", "user": 1, "content_type": 15, "object_id": "11", "object_repr": "Mateo", "action_flag": 3, "change_message": ""}}, {"model": "admin.logentry", "pk": 74, "fields": {"action_time": "2021-09-30T17:04:18.414Z", "user": 1, "content_type": 15, "object_id": "10", "object_repr": "Mateo", "action_flag": 3, "change_message": ""}}, {"model": "admin.logentry", "pk": 75, "fields": {"action_time": "2021-09-30T17:04:18.422Z", "user": 1, "content_type": 15, "object_id": "9", "object_repr": "Mateo", "action_flag": 3, "change_message": ""}}, {"model": "admin.logentry", "pk": 76, "fields": {"action_time": "2021-09-30T17:04:18.430Z", "user": 1, "content_type": 15, "object_id": "8", "object_repr": "Mateo", "action_flag": 3, "change_message": ""}}, {"model": "admin.logentry", "pk": 77, "fields": {"action_time": "2021-09-30T17:04:18.438Z", "user": 1, "content_type": 15, "object_id": "7", "object_repr": "Mateo", "action_flag": 3, "change_message": ""}}, {"model": "admin.logentry", "pk": 78, "fields": {"action_time": "2021-09-30T17:04:18.446Z", "user": 1, "content_type": 15, "object_id": "6", "object_repr": "Mateo", "action_flag": 3, "change_message": ""}}, {"model": "admin.logentry", "pk": 79, "fields": {"action_time": "2021-09-30T17:04:18.453Z", "user": 1, "content_type": 15, "object_id": "5", "object_repr": "Mateo", "action_flag": 3, "change_message": ""}}, {"model": "admin.logentry", "pk": 80, "fields": {"action_time": "2021-09-30T17:04:18.461Z", "user": 1, "content_type": 15, "object_id": "4", "object_repr": "gdfv", "action_flag": 3, "change_message": ""}}, {"model": "admin.logentry", "pk": 81, "fields": {"action_time": "2021-09-30T17:04:18.469Z", "user": 1, "content_type": 15, "object_id": "3", "object_repr": "Mateo", "action_flag": 3, "change_message": ""}}, {"model": "admin.logentry", "pk": 82, "fields": {"action_time": "2021-09-30T17:04:18.476Z", "user": 1, "content_type": 15, "object_id": "2", "object_repr": "xsaxsa", "action_flag": 3, "change_message": ""}}, {"model": "admin.logentry", "pk": 83, "fields": {"action_time": "2021-09-30T17:05:26.201Z", "user": 1, "content_type": 16, "object_id": "1", "object_repr": "1JW75535SB357971D", "action_flag": 3, "change_message": ""}}, {"model": "admin.logentry", "pk": 84, "fields": {"action_time": "2021-09-30T17:05:37.593Z", "user": 1, "content_type": 15, "object_id": "23", "object_repr": "dsfsd", "action_flag": 2, "change_message": "[{\"changed\": {\"fields\": [\"Is ordered\"]}}]"}}, {"model": "admin.logentry", "pk": 85, "fields": {"action_time": "2021-10-08T23:19:19.408Z", "user": 1, "content_type": 17, "object_id": "26", "object_repr": "ATX  Jeans", "action_flag": 3, "change_message": ""}}, {"model": "admin.logentry", "pk": 86, "fields": {"action_time": "2021-10-08T23:19:19.417Z", "user": 1, "content_type": 17, "object_id": "25", "object_repr": "RXN Blue Shirt", "action_flag": 3, "change_message": ""}}, {"model": "admin.logentry", "pk": 87, "fields": {"action_time": "2021-10-08T23:19:19.425Z", "user": 1, "content_type": 17, "object_id": "24", "object_repr": "ATX  Jeans", "action_flag": 3, "change_message": ""}}, {"model": "admin.logentry", "pk": 88, "fields": {"action_time": "2021-10-08T23:19:19.433Z", "user": 1, "content_type": 17, "object_id": "23", "object_repr": "RXN Blue Shirt", "action_flag": 3, "change_message": ""}}, {"model": "admin.logentry", "pk": 89, "fields": {"action_time": "2021-10-08T23:19:19.441Z", "user": 1, "content_type": 17, "object_id": "22", "object_repr": "ATX  Jeans", "action_flag": 3, "change_message": ""}}, {"model": "admin.logentry", "pk": 90, "fields": {"action_time": "2021-10-08T23:19:19.449Z", "user": 1, "content_type": 17, "object_id": "21", "object_repr": "ATX  Jeans", "action_flag": 3, "change_message": ""}}, {"model": "admin.logentry", "pk": 91, "fields": {"action_time": "2021-10-08T23:19:19.457Z", "user": 1, "content_type": 17, "object_id": "20", "object_repr": "RXN Blue Shirt", "action_flag": 3, "change_message": ""}}, {"model": "admin.logentry", "pk": 92, "fields": {"action_time": "2021-10-08T23:19:19.466Z", "user": 1, "content_type": 17, "object_id": "19", "object_repr": "ATX  Jeans", "action_flag": 3, "change_message": ""}}, {"model": "admin.logentry", "pk": 93, "fields": {"action_time": "2021-10-08T23:19:19.473Z", "user": 1, "content_type": 17, "object_id": "18", "object_repr": "RXN Blue Shirt", "action_flag": 3, "change_message": ""}}, {"model": "admin.logentry", "pk": 94, "fields": {"action_time": "2021-10-08T23:19:19.481Z", "user": 1, "content_type": 17, "object_id": "17", "object_repr": "RXN Blue Shirt", "action_flag": 3, "change_message": ""}}, {"model": "admin.logentry", "pk": 95, "fields": {"action_time": "2021-10-08T23:19:19.488Z", "user": 1, "content_type": 17, "object_id": "16", "object_repr": "ATX  Jeans", "action_flag": 3, "change_message": ""}}, {"model": "admin.logentry", "pk": 96, "fields": {"action_time": "2021-10-08T23:19:19.492Z", "user": 1, "content_type": 17, "object_id": "15", "object_repr": "RXN Blue Shirt", "action_flag": 3, "change_message": ""}}, {"model": "admin.logentry", "pk": 97, "fields": {"action_time": "2021-10-08T23:19:19.500Z", "user": 1, "content_type": 17, "object_id": "14", "object_repr": "RXN Blue Shirt", "action_flag": 3, "change_message": ""}}, {"model": "admin.logentry", "pk": 98, "fields": {"action_time": "2021-10-08T23:19:19.505Z", "user": 1, "content_type": 17, "object_id": "13", "object_repr": "ATX  Jeans", "action_flag": 3, "change_message": ""}}, {"model": "admin.logentry", "pk": 99, "fields": {"action_time": "2021-10-08T23:19:19.510Z", "user": 1, "content_type": 17, "object_id": "12", "object_repr": "RXN Blue Shirt", "action_flag": 3, "change_message": ""}}, {"model": "admin.logentry", "pk": 100, "fields": {"action_time": "2021-10-08T23:19:19.514Z", "user": 1, "content_type": 17, "object_id": "11", "object_repr": "Jordan Basketball Shoes", "action_flag": 3, "change_message": ""}}, {"model": "admin.logentry", "pk": 101, "fields": {"action_time": "2021-10-08T23:19:19.519Z", "user": 1, "content_type": 17, "object_id": "10", "object_repr": "ATX  Jeans", "action_flag": 3, "change_message": ""}}, {"model": "admin.logentry", "pk": 102, "fields": {"action_time": "2021-10-08T23:19:19.523Z", "user": 1, "content_type": 17, "object_id": "9", "object_repr": "RXN Blue Shirt", "action_flag": 3, "change_message": ""}}, {"model": "admin.logentry", "pk": 103, "fields": {"action_time": "2021-10-08T23:19:19.528Z", "user": 1, "content_type": 17, "object_id": "8", "object_repr": "Jordan Basketball Shoes", "action_flag": 3, "change_message": ""}}, {"model": "admin.logentry", "pk": 104, "fields": {"action_time": "2021-10-08T23:19:19.533Z", "user": 1, "content_type": 17, "object_id": "7", "object_repr": "RXN Blue Shirt", "action_flag": 3, "change_message": ""}}, {"model": "admin.logentry", "pk": 105, "fields": {"action_time": "2021-10-08T23:19:19.538Z", "user": 1, "content_type": 17, "object_id": "6", "object_repr": "ATX  Jeans", "action_flag": 3, "change_message": ""}}, {"model": "admin.logentry", "pk": 106, "fields": {"action_time": "2021-10-08T23:19:19.543Z", "user": 1, "content_type": 17, "object_id": "5", "object_repr": "Jordan Basketball Shoes", "action_flag": 3, "change_message": ""}}, {"model": "admin.logentry", "pk": 107, "fields": {"action_time": "2021-10-08T23:19:19.549Z", "user": 1, "content_type": 17, "object_id": "4", "object_repr": "RXN Blue Shirt", "action_flag": 3, "change_message": ""}}, {"model": "admin.logentry", "pk": 108, "fields": {"action_time": "2021-10-08T23:19:19.554Z", "user": 1, "content_type": 17, "object_id": "3", "object_repr": "ATX  Jeans", "action_flag": 3, "change_message": ""}}, {"model": "admin.logentry", "pk": 109, "fields": {"action_time": "2021-10-08T23:19:19.560Z", "user": 1, "content_type": 17, "object_id": "2", "object_repr": "Jordan Basketball Shoes", "action_flag": 3, "change_message": ""}}, {"model": "admin.logentry", "pk": 110, "fields": {"action_time": "2021-10-08T23:19:19.564Z", "user": 1, "content_type": 17, "object_id": "1", "object_repr": "RXN Blue Shirt", "action_flag": 3, "change_message": ""}}, {"model": "admin.logentry", "pk": 111, "fields": {"action_time": "2021-10-09T00:25:13.658Z", "user": 1, "content_type": 18, "object_id": "1", "object_repr": "Great pants", "action_flag": 2, "change_message": "[{\"changed\": {\"fields\": [\"Rating\"]}}]"}}, {"model": "admin.logentry", "pk": 112, "fields": {"action_time": "2021-10-09T00:25:21.586Z", "user": 1, "content_type": 18, "object_id": "1", "object_repr": "Great pants", "action_flag": 2, "change_message": "[{\"changed\": {\"fields\": [\"Rating\"]}}]"}}, {"model": "admin.logentry", "pk": 113, "fields": {"action_time": "2021-10-09T00:25:34.441Z", "user": 1, "content_type": 18, "object_id": "1", "object_repr": "Great pants", "action_flag": 2, "change_message": "[{\"changed\": {\"fields\": [\"Rating\"]}}]"}}, {"model": "admin.logentry", "pk": 114, "fields": {"action_time": "2021-10-09T00:25:42.677Z", "user": 1, "content_type": 18, "object_id": "1", "object_repr": "Great pants", "action_flag": 2, "change_message": "[{\"changed\": {\"fields\": [\"Rating\"]}}]"}}, {"model": "admin.logentry", "pk": 115, "fields": {"action_time": "2021-10-09T00:25:55.977Z", "user": 1, "content_type": 18, "object_id": "1", "object_repr": "Great pants", "action_flag": 2, "change_message": "[{\"changed\": {\"fields\": [\"Rating\"]}}]"}}, {"model": "admin.logentry", "pk": 116, "fields": {"action_time": "2021-10-09T00:27:18.047Z", "user": 1, "content_type": 18, "object_id": "2", "object_repr": "Decent product", "action_flag": 1, "change_message": "[{\"added\": {}}]"}}, {"model": "admin.logentry", "pk": 117, "fields": {"action_time": "2021-10-09T00:27:21.517Z", "user": 1, "content_type": 18, "object_id": "2", "object_repr": "Decent product", "action_flag": 2, "change_message": "[]"}}, {"model": "admin.logentry", "pk": 118, "fields": {"action_time": "2021-10-09T00:27:24.666Z", "user": 1, "content_type": 18, "object_id": "1", "object_repr": "Great pants", "action_flag": 2, "change_message": "[]"}}, {"model": "admin.logentry", "pk": 119, "fields": {"action_time": "2021-10-09T00:27:28.113Z", "user": 1, "content_type": 18, "object_id": "2", "object_repr": "Decent product", "action_flag": 2, "change_message": "[{\"changed\": {\"fields\": [\"Ip\"]}}]"}}, {"model": "admin.logentry", "pk": 120, "fields": {"action_time": "2021-10-10T14:18:12.488Z", "user": 1, "content_type": 7, "object_id": "1", "object_repr": "bernasconivargas.mateo@gmail.com", "action_flag": 2, "change_message": "[{\"changed\": {\"fields\": [\"Phone number\"]}}]"}}, {"model": "admin.logentry", "pk": 121, "fields": {"action_time": "2021-10-10T16:21:47.142Z", "user": 1, "content_type": 19, "object_id": "1", "object_repr": "Mateo", "action_flag": 1, "change_message": "[{\"added\": {}}]"}}, {"model": "admin.logentry", "pk": 122, "fields": {"action_time": "2021-10-10T16:23:28.127Z", "user": 1, "content_type": 19, "object_id": "1", "object_repr": "Mateo", "action_flag": 2, "change_message": "[{\"changed\": {\"fields\": [\"Profile picture\"]}}]"}}, {"model": "admin.logentry", "pk": 123, "fields": {"action_time": "2021-10-10T16:24:09.242Z", "user": 1, "content_type": 19, "object_id": "1", "object_repr": "Mateo", "action_flag": 2, "change_message": "[{\"changed\": {\"fields\": [\"Profile picture\"]}}]"}}, {"model": "admin.logentry", "pk": 124, "fields": {"action_time": "2021-10-10T16:26:08.865Z", "user": 1, "content_type": 19, "object_id": "1", "object_repr": "Mateo", "action_flag": 2, "change_message": "[{\"changed\": {\"fields\": [\"Profile picture\"]}}]"}}, {"model": "admin.logentry", "pk": 125, "fields": {"action_time": "2021-10-11T22:49:50.380Z", "user": 1, "content_type": 7, "object_id": "20", "object_repr": "shz45602@boofx.com", "action_flag": 3, "change_message": ""}}, {"model": "admin.logentry", "pk": 126, "fields": {"action_time": "2021-10-11T22:49:54.889Z", "user": 1, "content_type": 7, "object_id": "19", "object_repr": "xhtnslpqrkzwbkjcof@sdvrecft.com", "action_flag": 3, "change_message": ""}}, {"model": "admin.logentry", "pk": 127, "fields": {"action_time": "2021-10-12T00:20:56.008Z", "user": 1, "content_type": 15, "object_id": "43", "object_repr": "Mateo", "action_flag": 3, "change_message": ""}}, {"model": "admin.logentry", "pk": 128, "fields": {"action_time": "2021-10-12T00:20:56.012Z", "user": 1, "content_type": 15, "object_id": "42", "object_repr": "Mateo", "action_flag": 3, "change_message": ""}}, {"model": "admin.logentry", "pk": 129, "fields": {"action_time": "2021-10-12T00:20:56.021Z", "user": 1, "content_type": 15, "object_id": "41", "object_repr": "Mateo", "action_flag": 3, "change_message": ""}}, {"model": "admin.logentry", "pk": 130, "fields": {"action_time": "2021-10-12T00:20:56.029Z", "user": 1, "content_type": 15, "object_id": "40", "object_repr": "Mateo", "action_flag": 3, "change_message": ""}}, {"model": "admin.logentry", "pk": 131, "fields": {"action_time": "2021-10-12T00:20:56.037Z", "user": 1, "content_type": 15, "object_id": "39", "object_repr": "Mateo", "action_flag": 3, "change_message": ""}}, {"model": "admin.logentry", "pk": 132, "fields": {"action_time": "2021-10-12T00:20:56.046Z", "user": 1, "content_type": 15, "object_id": "38", "object_repr": "Mateo", "action_flag": 3, "change_message": ""}}, {"model": "admin.logentry", "pk": 133, "fields": {"action_time": "2021-10-12T00:20:56.053Z", "user": 1, "content_type": 15, "object_id": "37", "object_repr": "Mateo", "action_flag": 3, "change_message": ""}}, {"model": "admin.logentry", "pk": 134, "fields": {"action_time": "2021-10-12T00:20:56.061Z", "user": 1, "content_type": 15, "object_id": "36", "object_repr": "Mateo", "action_flag": 3, "change_message": ""}}, {"model": "admin.logentry", "pk": 135, "fields": {"action_time": "2021-10-12T00:20:56.068Z", "user": 1, "content_type": 15, "object_id": "35", "object_repr": "csdcsdcsd", "action_flag": 3, "change_message": ""}}, {"model": "admin.logentry", "pk": 136, "fields": {"action_time": "2021-10-12T00:20:56.076Z", "user": 1, "content_type": 15, "object_id": "34", "object_repr": "Mateo", "action_flag": 3, "change_message": ""}}, {"model": "admin.logentry", "pk": 137, "fields": {"action_time": "2021-10-12T00:20:56.084Z", "user": 1, "content_type": 15, "object_id": "33", "object_repr": "Mateo", "action_flag": 3, "change_message": ""}}, {"model": "admin.logentry", "pk": 138, "fields": {"action_time": "2021-10-12T00:20:56.088Z", "user": 1, "content_type": 15, "object_id": "32", "object_repr": "vcxvxcv", "action_flag": 3, "change_message": ""}}, {"model": "admin.logentry", "pk": 139, "fields": {"action_time": "2021-10-12T00:20:56.093Z", "user": 1, "content_type": 15, "object_id": "31", "object_repr": "vcxvxcv", "action_flag": 3, "change_message": ""}}, {"model": "admin.logentry", "pk": 140, "fields": {"action_time": "2021-10-12T00:20:56.097Z", "user": 1, "content_type": 15, "object_id": "30", "object_repr": "vcxvxcv", "action_flag": 3, "change_message": ""}}, {"model": "admin.logentry", "pk": 141, "fields": {"action_time": "2021-10-12T00:20:56.101Z", "user": 1, "content_type": 15, "object_id": "29", "object_repr": "vcxvxcv", "action_flag": 3, "change_message": ""}}, {"model": "admin.logentry", "pk": 142, "fields": {"action_time": "2021-10-12T00:20:56.106Z", "user": 1, "content_type": 15, "object_id": "28", "object_repr": "fcvfdv", "action_flag": 3, "change_message": ""}}, {"model": "admin.logentry", "pk": 143, "fields": {"action_time": "2021-10-12T00:20:56.110Z", "user": 1, "content_type": 15, "object_id": "27", "object_repr": "xsaxasxasx", "action_flag": 3, "change_message": ""}}, {"model": "admin.logentry", "pk": 144, "fields": {"action_time": "2021-10-12T00:20:56.114Z", "user": 1, "content_type": 15, "object_id": "26", "object_repr": "Mateo", "action_flag": 3, "change_message": ""}}, {"model": "admin.logentry", "pk": 145, "fields": {"action_time": "2021-10-12T00:20:56.117Z", "user": 1, "content_type": 15, "object_id": "25", "object_repr": "Mateo", "action_flag": 3, "change_message": ""}}, {"model": "admin.logentry", "pk": 146, "fields": {"action_time": "2021-10-12T00:20:56.121Z", "user": 1, "content_type": 15, "object_id": "24", "object_repr": "mateo", "action_flag": 3, "change_message": ""}}, {"model": "admin.logentry", "pk": 147, "fields": {"action_time": "2021-10-12T00:21:11.065Z", "user": 1, "content_type": 15, "object_id": "23", "object_repr": "dsfsd", "action_flag": 3, "change_message": ""}}, {"model": "admin.logentry", "pk": 148, "fields": {"action_time": "2021-10-12T00:42:12.936Z", "user": 1, "content_type": 15, "object_id": "46", "object_repr": "Mateo", "action_flag": 3, "change_message": ""}}, {"model": "admin.logentry", "pk": 149, "fields": {"action_time": "2021-10-12T01:19:54.316Z", "user": 1, "content_type": 8, "object_id": "1", "object_repr": "ATX  Jeans", "action_flag": 2, "change_message": "[{\"added\": {\"name\": \"productgallery\", \"object\": \"ATX  Jeans\"}}]"}}, {"model": "admin.logentry", "pk": 150, "fields": {"action_time": "2021-10-12T01:21:08.779Z", "user": 1, "content_type": 20, "object_id": "1", "object_repr": "ATX  Jeans", "action_flag": 2, "change_message": "[{\"changed\": {\"fields\": [\"Image\"]}}]"}}, {"model": "admin.logentry", "pk": 151, "fields": {"action_time": "2021-10-12T01:21:19.210Z", "user": 1, "content_type": 20, "object_id": "1", "object_repr": "ATX  Jeans", "action_flag": 3, "change_message": ""}}, {"model": "admin.logentry", "pk": 152, "fields": {"action_time": "2021-10-13T00:50:38.698Z", "user": 1, "content_type": 20, "object_id": "2", "object_repr": "ATX  Jeans", "action_flag": 1, "change_message": "[{\"added\": {}}]"}}, {"model": "admin.logentry", "pk": 153, "fields": {"action_time": "2021-10-13T00:50:47.935Z", "user": 1, "content_type": 20, "object_id": "3", "object_repr": "ATX  Jeans", "action_flag": 1, "change_message": "[{\"added\": {}}]"}}, {"model": "admin.logentry", "pk": 154, "fields": {"action_time": "2021-10-13T00:51:03.633Z", "user": 1, "content_type": 20, "object_id": "4", "object_repr": "ATX  Jeans", "action_flag": 1, "change_message": "[{\"added\": {}}]"}}, {"model": "admin.logentry", "pk": 155, "fields": {"action_time": "2021-10-14T19:00:50.065Z", "user": 1, "content_type": 15, "object_id": "45", "object_repr": "Mateo", "action_flag": 3, "change_message": ""}}, {"model": "admin.logentry", "pk": 156, "fields": {"action_time": "2021-10-14T19:00:50.070Z", "user": 1, "content_type": 15, "object_id": "44", "object_repr": "Mateo", "action_flag": 3, "change_message": ""}}, {"model": "admin.logentry", "pk": 157, "fields": {"action_time": "2021-10-14T19:01:00.931Z", "user": 1, "content_type": 16, "object_id": "19", "object_repr": "148036818H997011S", "action_flag": 3, "change_message": ""}}, {"model": "admin.logentry", "pk": 158, "fields": {"action_time": "2021-10-14T19:01:00.936Z", "user": 1, "content_type": 16, "object_id": "18", "object_repr": "8E858763Y3809633C", "action_flag": 3, "change_message": ""}}, {"model": "admin.logentry", "pk": 159, "fields": {"action_time": "2021-10-14T19:01:00.941Z", "user": 1, "content_type": 16, "object_id": "17", "object_repr": "1MK55606TK676663G", "action_flag": 3, "change_message": ""}}, {"model": "admin.logentry", "pk": 160, "fields": {"action_time": "2021-10-14T19:01:00.946Z", "user": 1, "content_type": 16, "object_id": "16", "object_repr": "3ND235021H748632N", "action_flag": 3, "change_message": ""}}, {"model": "admin.logentry", "pk": 161, "fields": {"action_time": "2021-10-14T19:01:00.950Z", "user": 1, "content_type": 16, "object_id": "15", "object_repr": "17N74473J4306651N", "action_flag": 3, "change_message": ""}}, {"model": "admin.logentry", "pk": 162, "fields": {"action_time": "2021-10-14T19:01:00.954Z", "user": 1, "content_type": 16, "object_id": "14", "object_repr": "19C3662023603732G", "action_flag": 3, "change_message": ""}}, {"model": "admin.logentry", "pk": 163, "fields": {"action_time": "2021-10-14T19:01:00.958Z", "user": 1, "content_type": 16, "object_id": "13", "object_repr": "90F89326KB830642U", "action_flag": 3, "change_message": ""}}, {"model": "admin.logentry", "pk": 164, "fields": {"action_time": "2021-10-14T19:01:00.963Z", "user": 1, "content_type": 16, "object_id": "12", "object_repr": "42305095EW7351223", "action_flag": 3, "change_message": ""}}, {"model": "admin.logentry", "pk": 165, "fields": {"action_time": "2021-10-14T19:01:00.967Z", "user": 1, "content_type": 16, "object_id": "11", "object_repr": "8HB20609SB238292U", "action_flag": 3, "change_message": ""}}, {"model": "admin.logentry", "pk": 166, "fields": {"action_time": "2021-10-14T19:01:00.971Z", "user": 1, "content_type": 16, "object_id": "10", "object_repr": "38U85593DB635230A", "action_flag": 3, "change_message": ""}}, {"model": "admin.logentry", "pk": 167, "fields": {"action_time": "2021-10-14T19:01:00.975Z", "user": 1, "content_type": 16, "object_id": "9", "object_repr": "6WJ74920LW554913J", "action_flag": 3, "change_message": ""}}, {"model": "admin.logentry", "pk": 168, "fields": {"action_time": "2021-10-14T19:01:00.980Z", "user": 1, "content_type": 16, "object_id": "8", "object_repr": "4EF00747FY9405723", "action_flag": 3, "change_message": ""}}, {"model": "admin.logentry", "pk": 169, "fields": {"action_time": "2021-10-14T19:01:00.984Z", "user": 1, "content_type": 16, "object_id": "7", "object_repr": "0FE367409N0533132", "action_flag": 3, "change_message": ""}}, {"model": "admin.logentry", "pk": 170, "fields": {"action_time": "2021-10-14T19:01:00.988Z", "user": 1, "content_type": 16, "object_id": "6", "object_repr": "4CM80014BM747251F", "action_flag": 3, "change_message": ""}}, {"model": "admin.logentry", "pk": 171, "fields": {"action_time": "2021-10-14T19:01:00.996Z", "user": 1, "content_type": 16, "object_id": "5", "object_repr": "70X80260GG573315G", "action_flag": 3, "change_message": ""}}, {"model": "admin.logentry", "pk": 172, "fields": {"action_time": "2021-10-14T19:01:01.004Z", "user": 1, "content_type": 16, "object_id": "4", "object_repr": "0EV466009V240643B", "action_flag": 3, "change_message": ""}}, {"model": "admin.logentry", "pk": 173, "fields": {"action_time": "2021-10-14T19:01:01.009Z", "user": 1, "content_type": 16, "object_id": "3", "object_repr": "1B5738196S8799715", "action_flag": 3, "change_message": ""}}, {"model": "admin.logentry", "pk": 174, "fields": {"action_time": "2021-10-14T19:01:01.013Z", "user": 1, "content_type": 16, "object_id": "2", "object_repr": "6XY94453JA107422H", "action_flag": 3, "change_message": ""}}, {"model": "admin.logentry", "pk": 175, "fields": {"action_time": "2021-10-14T19:08:55.757Z", "user": 1, "content_type": 18, "object_id": "3", "object_repr": "Best shoes!", "action_flag": 2, "change_message": "[{\"changed\": {\"fields\": [\"Review\"]}}]"}}, {"model": "admin.logentry", "pk": 176, "fields": {"action_time": "2021-10-14T19:09:07.601Z", "user": 1, "content_type": 18, "object_id": "2", "object_repr": "Decent product", "action_flag": 2, "change_message": "[]"}}, {"model": "auth.permission", "pk": 1, "fields": {"name": "Can add log entry", "content_type": 1, "codename": "add_logentry"}}, {"model": "auth.permission", "pk": 2, "fields": {"name": "Can change log entry", "content_type": 1, "codename": "change_logentry"}}, {"model": "auth.permission", "pk": 3, "fields": {"name": "Can delete log entry", "content_type": 1, "codename": "delete_logentry"}}, {"model": "auth.permission", "pk": 4, "fields": {"name": "Can view log entry", "content_type": 1, "codename": "view_logentry"}}, {"model": "auth.permission", "pk": 5, "fields": {"name": "Can add permission", "content_type": 2, "codename": "add_permission"}}, {"model": "auth.permission", "pk": 6, "fields": {"name": "Can change permission", "content_type": 2, "codename": "change_permission"}}, {"model": "auth.permission", "pk": 7, "fields": {"name": "Can delete permission", "content_type": 2, "codename": "delete_permission"}}, {"model": "auth.permission", "pk": 8, "fields": {"name": "Can view permission", "content_type": 2, "codename": "view_permission"}}, {"model": "auth.permission", "pk": 9, "fields": {"name": "Can add group", "content_type": 3, "codename": "add_group"}}, {"model": "auth.permission", "pk": 10, "fields": {"name": "Can change group", "content_type": 3, "codename": "change_group"}}, {"model": "auth.permission", "pk": 11, "fields": {"name": "Can delete group", "content_type": 3, "codename": "delete_group"}}, {"model": "auth.permission", "pk": 12, "fields": {"name": "Can view group", "content_type": 3, "codename": "view_group"}}, {"model": "auth.permission", "pk": 13, "fields": {"name": "Can add content type", "content_type": 4, "codename": "add_contenttype"}}, {"model": "auth.permission", "pk": 14, "fields": {"name": "Can change content type", "content_type": 4, "codename": "change_contenttype"}}, {"model": "auth.permission", "pk": 15, "fields": {"name": "Can delete content type", "content_type": 4, "codename": "delete_contenttype"}}, {"model": "auth.permission", "pk": 16, "fields": {"name": "Can view content type", "content_type": 4, "codename": "view_contenttype"}}, {"model": "auth.permission", "pk": 17, "fields": {"name": "Can add session", "content_type": 5, "codename": "add_session"}}, {"model": "auth.permission", "pk": 18, "fields": {"name": "Can change session", "content_type": 5, "codename": "change_session"}}, {"model": "auth.permission", "pk": 19, "fields": {"name": "Can delete session", "content_type": 5, "codename": "delete_session"}}, {"model": "auth.permission", "pk": 20, "fields": {"name": "Can view session", "content_type": 5, "codename": "view_session"}}, {"model": "auth.permission", "pk": 21, "fields": {"name": "Can add category", "content_type": 6, "codename": "add_category"}}, {"model": "auth.permission", "pk": 22, "fields": {"name": "Can change category", "content_type": 6, "codename": "change_category"}}, {"model": "auth.permission", "pk": 23, "fields": {"name": "Can delete category", "content_type": 6, "codename": "delete_category"}}, {"model": "auth.permission", "pk": 24, "fields": {"name": "Can view category", "content_type": 6, "codename": "view_category"}}, {"model": "auth.permission", "pk": 25, "fields": {"name": "Can add account", "content_type": 7, "codename": "add_account"}}, {"model": "auth.permission", "pk": 26, "fields": {"name": "Can change account", "content_type": 7, "codename": "change_account"}}, {"model": "auth.permission", "pk": 27, "fields": {"name": "Can delete account", "content_type": 7, "codename": "delete_account"}}, {"model": "auth.permission", "pk": 28, "fields": {"name": "Can view account", "content_type": 7, "codename": "view_account"}}, {"model": "auth.permission", "pk": 29, "fields": {"name": "Can add product", "content_type": 8, "codename": "add_product"}}, {"model": "auth.permission", "pk": 30, "fields": {"name": "Can change product", "content_type": 8, "codename": "change_product"}}, {"model": "auth.permission", "pk": 31, "fields": {"name": "Can delete product", "content_type": 8, "codename": "delete_product"}}, {"model": "auth.permission", "pk": 32, "fields": {"name": "Can view product", "content_type": 8, "codename": "view_product"}}, {"model": "auth.permission", "pk": 33, "fields": {"name": "Can add cart", "content_type": 9, "codename": "add_cart"}}, {"model": "auth.permission", "pk": 34, "fields": {"name": "Can change cart", "content_type": 9, "codename": "change_cart"}}, {"model": "auth.permission", "pk": 35, "fields": {"name": "Can delete cart", "content_type": 9, "codename": "delete_cart"}}, {"model": "auth.permission", "pk": 36, "fields": {"name": "Can view cart", "content_type": 9, "codename": "view_cart"}}, {"model": "auth.permission", "pk": 37, "fields": {"name": "Can add cart item", "content_type": 10, "codename": "add_cartitem"}}, {"model": "auth.permission", "pk": 38, "fields": {"name": "Can change cart item", "content_type": 10, "codename": "change_cartitem"}}, {"model": "auth.permission", "pk": 39, "fields": {"name": "Can delete cart item", "content_type": 10, "codename": "delete_cartitem"}}, {"model": "auth.permission", "pk": 40, "fields": {"name": "Can view cart item", "content_type": 10, "codename": "view_cartitem"}}, {"model": "auth.permission", "pk": 41, "fields": {"name": "Can add variation", "content_type": 11, "codename": "add_variation"}}, {"model": "auth.permission", "pk": 42, "fields": {"name": "Can change variation", "content_type": 11, "codename": "change_variation"}}, {"model": "auth.permission", "pk": 43, "fields": {"name": "Can delete variation", "content_type": 11, "codename": "delete_variation"}}, {"model": "auth.permission", "pk": 44, "fields": {"name": "Can view variation", "content_type": 11, "codename": "view_variation"}}, {"model": "auth.permission", "pk": 45, "fields": {"name": "Can add variation manager", "content_type": 12, "codename": "add_variationmanager"}}, {"model": "auth.permission", "pk": 46, "fields": {"name": "Can change variation manager", "content_type": 12, "codename": "change_variationmanager"}}, {"model": "auth.permission", "pk": 47, "fields": {"name": "Can delete variation manager", "content_type": 12, "codename": "delete_variationmanager"}}, {"model": "auth.permission", "pk": 48, "fields": {"name": "Can view variation manager", "content_type": 12, "codename": "view_variationmanager"}}, {"model": "auth.permission", "pk": 49, "fields": {"name": "Can add order", "content_type": 13, "codename": "add_order"}}, {"model": "auth.permission", "pk": 50, "fields": {"name": "Can change order", "content_type": 13, "codename": "change_order"}}, {"model": "auth.permission", "pk": 51, "fields": {"name": "Can delete order", "content_type": 13, "codename": "delete_order"}}, {"model": "auth.permission", "pk": 52, "fields": {"name": "Can view order", "content_type": 13, "codename": "view_order"}}, {"model": "auth.permission", "pk": 53, "fields": {"name": "Can add payment", "content_type": 14, "codename": "add_payment"}}, {"model": "auth.permission", "pk": 54, "fields": {"name": "Can change payment", "content_type": 14, "codename": "change_payment"}}, {"model": "auth.permission", "pk": 55, "fields": {"name": "Can delete payment", "content_type": 14, "codename": "delete_payment"}}, {"model": "auth.permission", "pk": 56, "fields": {"name": "Can view payment", "content_type": 14, "codename": "view_payment"}}, {"model": "auth.permission", "pk": 57, "fields": {"name": "Can add order", "content_type": 15, "codename": "add_order"}}, {"model": "auth.permission", "pk": 58, "fields": {"name": "Can change order", "content_type": 15, "codename": "change_order"}}, {"model": "auth.permission", "pk": 59, "fields": {"name": "Can delete order", "content_type": 15, "codename": "delete_order"}}, {"model": "auth.permission", "pk": 60, "fields": {"name": "Can view order", "content_type": 15, "codename": "view_order"}}, {"model": "auth.permission", "pk": 61, "fields": {"name": "Can add payment", "content_type": 16, "codename": "add_payment"}}, {"model": "auth.permission", "pk": 62, "fields": {"name": "Can change payment", "content_type": 16, "codename": "change_payment"}}, {"model": "auth.permission", "pk": 63, "fields": {"name": "Can delete payment", "content_type": 16, "codename": "delete_payment"}}, {"model": "auth.permission", "pk": 64, "fields": {"name": "Can view payment", "content_type": 16, "codename": "view_payment"}}, {"model": "auth.permission", "pk": 65, "fields": {"name": "Can add order product", "content_type": 17, "codename": "add_orderproduct"}}, {"model": "auth.permission", "pk": 66, "fields": {"name": "Can change order product", "content_type": 17, "codename": "change_orderproduct"}}, {"model": "auth.permission", "pk": 67, "fields": {"name": "Can delete order product", "content_type": 17, "codename": "delete_orderproduct"}}, {"model": "auth.permission", "pk": 68, "fields": {"name": "Can view order product", "content_type": 17, "codename": "view_orderproduct"}}, {"model": "auth.permission", "pk": 69, "fields": {"name": "Can add review rating", "content_type": 18, "codename": "add_reviewrating"}}, {"model": "auth.permission", "pk": 70, "fields": {"name": "Can change review rating", "content_type": 18, "codename": "change_reviewrating"}}, {"model": "auth.permission", "pk": 71, "fields": {"name": "Can delete review rating", "content_type": 18, "codename": "delete_reviewrating"}}, {"model": "auth.permission", "pk": 72, "fields": {"name": "Can view review rating", "content_type": 18, "codename": "view_reviewrating"}}, {"model": "auth.permission", "pk": 73, "fields": {"name": "Can add user profile", "content_type": 19, "codename": "add_userprofile"}}, {"model": "auth.permission", "pk": 74, "fields": {"name": "Can change user profile", "content_type": 19, "codename": "change_userprofile"}}, {"model": "auth.permission", "pk": 75, "fields": {"name": "Can delete user profile", "content_type": 19, "codename": "delete_userprofile"}}, {"model": "auth.permission", "pk": 76, "fields": {"name": "Can view user profile", "content_type": 19, "codename": "view_userprofile"}}, {"model": "auth.permission", "pk": 77, "fields": {"name": "Can add product gallery", "content_type": 20, "codename": "add_productgallery"}}, {"model": "auth.permission", "pk": 78, "fields": {"name": "Can change product gallery", "content_type": 20, "codename": "change_productgallery"}}, {"model": "auth.permission", "pk": 79, "fields": {"name": "Can delete product gallery", "content_type": 20, "codename": "delete_productgallery"}}, {"model": "auth.permission", "pk": 80, "fields": {"name": "Can view product gallery", "content_type": 20, "codename": "view_productgallery"}}, {"model": "auth.permission", "pk": 81, "fields": {"name": "Can add login attempt", "content_type": 21, "codename": "add_loginattempt"}}, {"model": "auth.permission", "pk": 82, "fields": {"name": "Can change login attempt", "content_type": 21, "codename": "change_loginattempt"}}, {"model": "auth.permission", "pk": 83, "fields": {"name": "Can delete login attempt", "content_type": 21, "codename": "delete_loginattempt"}}, {"model": "auth.permission", "pk": 84, "fields": {"name": "Can view login attempt", "content_type": 21, "codename": "view_loginattempt"}}, {"model": "contenttypes.contenttype", "pk": 1, "fields": {"app_label": "admin", "model": "logentry"}}, {"model": "contenttypes.contenttype", "pk": 2, "fields": {"app_label": "auth", "model": "permission"}}, {"model": "contenttypes.contenttype", "pk": 3, "fields": {"app_label": "auth", "model": "group"}}, {"model": "contenttypes.contenttype", "pk": 4, "fields": {"app_label": "contenttypes", "model": "contenttype"}}, {"model": "contenttypes.contenttype", "pk": 5, "fields": {"app_label": "sessions", "model": "session"}}, {"model": "contenttypes.contenttype", "pk": 6, "fields": {"app_label": "category", "model": "category"}}, {"model": "contenttypes.contenttype", "pk": 7, "fields": {"app_label": "accounts", "model": "account"}}, {"model": "contenttypes.contenttype", "pk": 8, "fields": {"app_label": "store", "model": "product"}}, {"model": "contenttypes.contenttype", "pk": 9, "fields": {"app_label": "carts", "model": "cart"}}, {"model": "contenttypes.contenttype", "pk": 10, "fields": {"app_label": "carts", "model": "cartitem"}}, {"model": "contenttypes.contenttype", "pk": 11, "fields": {"app_label": "store", "model": "variation"}}, {"model": "contenttypes.contenttype", "pk": 12, "fields": {"app_label": "store", "model": "variationmanager"}}, {"model": "contenttypes.contenttype", "pk": 13, "fields": {"app_label": "orders", "model": "order"}}, {"model": "contenttypes.contenttype", "pk": 14, "fields": {"app_label": "orders", "model": "payment"}}, {"model": "contenttypes.contenttype", "pk": 15, "fields": {"app_label": "orderz", "model": "order"}}, {"model": "contenttypes.contenttype", "pk": 16, "fields": {"app_label": "orderz", "model": "payment"}}, {"model": "contenttypes.contenttype", "pk": 17, "fields": {"app_label": "orderz", "model": "orderproduct"}}, {"model": "contenttypes.contenttype", "pk": 18, "fields": {"app_label": "store", "model": "reviewrating"}}, {"model": "contenttypes.contenttype", "pk": 19, "fields": {"app_label": "accounts", "model": "userprofile"}}, {"model": "contenttypes.contenttype", "pk": 20, "fields": {"app_label": "store", "model": "productgallery"}}, {"model": "contenttypes.contenttype", "pk": 21, "fields": {"app_label": "admin_honeypot", "model": "loginattempt"}}, {"model": "sessions.session", "pk": "1xxuyltza60lcwgi246ip3mt1ztufb95", "fields": {"session_data": ".eJxVjMsOwiAQAP-FsyHbLeXh0Xu_gcCylaqBpLQn478bkh70OjOZt_Dh2LM_Gm9-TeIqBnH5ZTHQk0sX6RHKvUqqZd_WKHsiT9vkXBO_bmf7N8ih5b7VIzA5cDjBiARsw6KiATSGpsgmWka98KgtoAuECiMMZJKz6FRCIz5fxNc3Dw:1mQuFM:z1z94kJko4IdbkMYEhMqdakkAUyOQgJoH9DHEmo9He4", "expire_date": "2021-09-30T16:28:24.817Z"}}, {"model": "sessions.session", "pk": "4vqto76ntj51hysex432z40m4e747tld", "fields": {"session_data": ".eJxVjEEOwiAQAP_C2ZACpbAevfuGZpddpWogKe3J-HdD0oNeZybzVjPuW573Juu8sDoro06_jDA9pXTBDyz3qlMt27qQ7ok-bNPXyvK6HO3fIGPLfSuJA6GlGIAmb0YWB8a6QWwYIYonF8UZtowAA2JIPAV0Dn0Cm26gPl_lajgH:1ma5Wv:mDoXwUZ7zpvCRUyG4GLZUGLVS3A9ILQsdTSZG1FLk9c", "expire_date": "2021-10-26T00:20:29.943Z"}}, {"model": "sessions.session", "pk": "6pmx45f1lwxfxvl2bxnq2use9ljg6xgb", "fields": {"session_data": "e30:1mTRau:1e10sozRkZn_81qxfIDm6-f0Ztwn87fY_-LEuJy_lGA", "expire_date": "2021-10-07T16:29:08.878Z"}}, {"model": "sessions.session", "pk": "7timnl45yaojfsdggi55md2dzle5foo3", "fields": {"session_data": "e30:1mYzcz:3aMUTx8JKCsKmRlcgfat_6BGh1kqlSquZRXorut21fs", "expire_date": "2021-10-22T23:50:13.344Z"}}, {"model": "sessions.session", "pk": "9ma9y3iyomhqttoo4gfw3siul9hybemj", "fields": {"session_data": ".eJxVjMsOwiAQAP-FsyHbLeXh0Xu_gcCylaqBpLQn478bkh70OjOZt_Dh2LM_Gm9-TeIqBnH5ZTHQk0sX6RHKvUqqZd_WKHsiT9vkXBO_bmf7N8ih5b7VIzA5cDjBiARsw6KiATSGpsgmWka98KgtoAuECiMMZJKz6FRCIz5fxNc3Dw:1mTQG4:sFx9No-47018Cow5kyV-u_EagqV2Ds-EYa49IImM3VM", "expire_date": "2021-10-07T15:03:32.351Z"}}, {"model": "sessions.session", "pk": "9xafld5jn7z03sncsklqtzok6ugnjpyt", "fields": {"session_data": ".eJxVjMsOwiAQRf-FtSEOUKa4dN9vIDMwSNWUpI-V8d-1SRe6veec-1KRtrXGbZE5jlldFKjT78aUHjLtIN9pujWd2rTOI-td0Qdd9NCyPK-H-3dQaanf2pB4FOmsDX3phZHPDNmb5EoyyKaEgj5zDz6x80iAnbOALmTPHVBS7w_01TgP:1ma3Yj:ydVbc6l3oOSDJGzRQ-zjNI08PP-IkmkMvZNJPBEhSnA", "expire_date": "2021-10-25T22:14:13.327Z"}}, {"model": "sessions.session", "pk": "d6wtj6j66rmz6hplymf4dddg00qtxpd8", "fields": {"session_data": ".eJxVjMsOwiAQAP-FsyHbLeXh0Xu_gcCylaqBpLQn478bkh70OjOZt_Dh2LM_Gm9-TeIqBnH5ZTHQk0sX6RHKvUqqZd_WKHsiT9vkXBO_bmf7N8ih5b7VIzA5cDjBiARsw6KiATSGpsgmWka98KgtoAuECiMMZJKz6FRCIz5fxNc3Dw:1mS14B:NF4_qMiSIGJC7jfdvkthP0eB-7uD8F8n1Ee7r7yx804", "expire_date": "2021-10-03T17:57:27.856Z"}}, {"model": "sessions.session", "pk": "fuhctp5tkqkenyxjkjk3hxj62x2eiy25", "fields": {"session_data": "e30:1mQtFm:217B0ZZPC7dBzf57xgICe-fBCIEwQOU8tEC0kfPnavE", "expire_date": "2021-09-30T15:24:46.830Z"}}, {"model": "sessions.session", "pk": "hrjzvgqiexba866uv62zgnrqagxfp8br", "fields": {"session_data": "e30:1mQwEY:3gb6w_hWAhan0BbjWrrthWyJ0lmgGmTeA4xbKNsSRBI", "expire_date": "2021-09-30T18:35:42.240Z"}}, {"model": "sessions.session", "pk": "kp0y6hipvm017gurlw24fsj14vozbll5", "fields": {"session_data": "e30:1maSYW:0P2UijmVg6LPYI28_RjHwQRtyWf-zq46vlrmjCdEZs4", "expire_date": "2021-10-27T00:55:40.200Z"}}, {"model": "sessions.session", "pk": "qy8nemsxi06zpzz745e67tkd64v6yuex", "fields": {"session_data": "e30:1mVkZb:ob3ZIrLChTzjAJzzKaDNDyjOm9gRPGF0qNtRkLlRWaE", "expire_date": "2021-10-14T01:09:19.215Z"}}, {"model": "sessions.session", "pk": "r60nsznpzlo65gf64h97mlatoyppbv3u", "fields": {"session_data": ".eJxVjMsOwiAQAP-FsyHbLeXh0Xu_gcCylaqBpLQn478bkh70OjOZt_Dh2LM_Gm9-TeIqBnH5ZTHQk0sX6RHKvUqqZd_WKHsiT9vkXBO_bmf7N8ih5b7VIzA5cDjBiARsw6KiATSGpsgmWka98KgtoAuECiMMZJKz6FRCIz5fxNc3Dw:1mIJrk:ARSNV8RvNVMksMX1eevWRZSpIA-D5QYVqe31pKaFw1s", "expire_date": "2021-09-07T00:00:32.577Z"}}, {"model": "sessions.session", "pk": "sgxyseb4to096jb9wi1nuzq9hyfwariu", "fields": {"session_data": ".eJxVjMsOwiAQAP-FsyHbLeXh0Xu_gcCylaqBpLQn478bkh70OjOZt_Dh2LM_Gm9-TeIqBnH5ZTHQk0sX6RHKvUqqZd_WKHsiT9vkXBO_bmf7N8ih5b7VIzA5cDjBiARsw6KiATSGpsgmWka98KgtoAuECiMMZJKz6FRCIz5fxNc3Dw:1mT1q1:NZRlO_sxbp8f2M47-Z2reFjrGoN53ANXFFZhbfnTRe4", "expire_date": "2021-10-06T12:59:01.648Z"}}, {"model": "sessions.session", "pk": "uiy6vk2805mxzppg4h82j43l7b2efmkj", "fields": {"session_data": ".eJxVjEEOwiAQAP_C2ZACpbAevfuGZpddpWogKe3J-HdD0oNeZybzVjPuW573Juu8sDoro06_jDA9pXTBDyz3qlMt27qQ7ok-bNPXyvK6HO3fIGPLfSuJA6GlGIAmb0YWB8a6QWwYIYonF8UZtowAA2JIPAV0Dn0Cm26gPl_lajgH:1mcbgW:skwZ7nfipXiX8lnc-Bw5sDfXLigkzAX0I3F04q8m0cE", "expire_date": "2021-11-01T23:04:48.455Z"}}, {"model": "sessions.session", "pk": "v3myhjcuhjhwep4digaukiqc6xioe07j", "fields": {"session_data": ".eJxVjMsOwiAQAP-FsyHbLeXh0Xu_gcCylaqBpLQn478bkh70OjOZt_Dh2LM_Gm9-TeIqBnH5ZTHQk0sX6RHKvUqqZd_WKHsiT9vkXBO_bmf7N8ih5b7VIzA5cDjBiARsw6KiATSGpsgmWka98KgtoAuECiMMZJKz6FRCIz5fxNc3Dw:1mVkc1:atosC8x6_hGvS1L-v2OeN96USbCWgOIERgjtSx76fzg", "expire_date": "2021-10-14T01:11:49.971Z"}}, {"model": "sessions.session", "pk": "vnx8xw5ry6uspqwj4xr6e7my28xtrjvf", "fields": {"session_data": "e30:1mb5jl:YXnGPsu6g-l4xuMzO65MhdHPSK9HolbXx17svA7aFZ0", "expire_date": "2021-10-28T18:45:53.208Z"}}, {"model": "sessions.session", "pk": "x5sud3n6op73tzlti3h36j8bo6si1ndl", "fields": {"session_data": ".eJxVjMsOwiAQAP-FsyHbLeXh0Xu_gcCylaqBpLQn478bkh70OjOZt_Dh2LM_Gm9-TeIqBnH5ZTHQk0sX6RHKvUqqZd_WKHsiT9vkXBO_bmf7N8ih5b7VIzA5cDjBiARsw6KiATSGpsgmWka98KgtoAuECiMMZJKz6FRCIz5fxNc3Dw:1mJzR3:SJeFxiwRFQIK2jijBgNZDRbWHSt3cyy6a5dw45IErzs", "expire_date": "2021-09-11T14:35:53.644Z"}}, {"model": "sessions.session", "pk": "zsfxe3xwdp562g7n60fkp1jzcdzllo9z", "fields": {"session_data": "e30:1mRMPi:Z6TuiTG4Rd4d8-e6PRvH5-f2Jj54GstYKtFTjGrSjHQ", "expire_date": "2021-10-01T22:32:58.583Z"}}, {"model": "category.category", "pk": 2, "fields": {"category_name": "Shirts", "slug": "shirts", "description": "this is the shirts category", "cat_image": "photos/categories/shirts_4LcEywF.jpg"}}, {"model": "category.category", "pk": 3, "fields": {"category_name": "T Shirt", "slug": "t-shirt", "description": "this is the t shirt category", "cat_image": "photos/categories/tshirts.jpg"}}, {"model": "category.category", "pk": 4, "fields": {"category_name": "Shoes", "slug": "shoes", "description": "This is shoes category", "cat_image": "photos/categories/shoes.png"}}, {"model": "category.category", "pk": 5, "fields": {"category_name": "Jeans", "slug": "jeans", "description": "This is the jeans category", "cat_image": "photos/categories/jeans.jpg"}}, {"model": "category.category", "pk": 6, "fields": {"category_name": "Jackets", "slug": "jackets", "description": "this is the jackets category", "cat_image": "photos/categories/jackets.jpg"}}, {"model": "accounts.account", "pk": 1, "fields": {"password": "pbkdf2_sha256$260000$oT9R2r1Q6mASSIoJV1OieI$aka0Zy8p+k1zjtOKh3X6GhC9WBLCyq0ZTv4b16YGXcg=", "first_name": "Mateo", "last_name": "Bernasconi", "username": "mateobv07", "email": "bernasconivargas.mateo@gmail.com", "phone_number": "33 16058065", "date_joined": "2021-08-24T00:00:04.146Z", "last_login": "2021-10-18T23:04:48.445Z", "is_admin": true, "is_staff": true, "is_active": true, "is_superadmin": true}}, {"model": "accounts.account", "pk": 21, "fields": {"password": "pbkdf2_sha256$260000$whi9k2YdmbsfdwPpAyoug6$pXSOB4c9DqNDPRny8HDSWtqsoyzI91XctZ+JxfkaGM0=", "first_name": "Mateo", "last_name": "Bernas", "username": "shz45602", "email": "shz45602@boofx.com", "phone_number": "2342343242", "date_joined": "2021-10-11T22:50:16.822Z", "last_login": "2021-10-11T22:51:29.546Z", "is_admin": false, "is_staff": false, "is_active": true, "is_superadmin": false}}, {"model": "accounts.userprofile", "pk": 1, "fields": {"user": 1, "address_line_1": "lalalalalalal land", "address_line_2": "", "profile_picture": "userprofile/img_avatar_8jqWLeq.png", "city": "Guadalajara", "state": "Jalisco"}}, {"model": "accounts.userprofile", "pk": 3, "fields": {"user": 21, "address_line_1": "made up address", "address_line_2": "", "profile_picture": "userprofile/img_avatar_XL9G5Do.png", "city": "", "state": ""}}, {"model": "store.product", "pk": 1, "fields": {"product_name": "ATX  Jeans", "slug": "atx-jeans", "description": "orem ipsum dolor sit amet, consectetur adipiscing elit. Vivamus ut massa sit amet mauris finibus efficitur. Maecenas vel sem erat. Nunc sollicitudin non lectus id vehicula. Fusce volutpat sagittis dictum. Pellentesque imperdiet purus vel nunc dignissim dignissim. Sed accumsan placerat lacus. Jeans", "price": 199, "images": "photos/products/ATX-Jeans.jpg", "stock": 80, "is_available": true, "category": 5, "created_date": "2021-08-28T15:42:15.740Z", "modified_date": "2021-10-17T21:37:57.704Z"}}, {"model": "store.product", "pk": 2, "fields": {"product_name": "RXN Blue Shirt", "slug": "rxn-blue-shirt", "description": "Lorem ipsum dolor sit amet, consectetur adipiscing elit. Vivamus ut massa sit amet mauris finibus efficitur. Maecenas vel sem erat. Nunc sollicitudin non lectus id vehicula. Fusce", "price": 99, "images": "photos/products/Blue-Shirt.jpg", "stock": 184, "is_available": true, "category": 2, "created_date": "2021-08-28T15:48:34.138Z", "modified_date": "2021-10-17T21:37:57.636Z"}}, {"model": "store.product", "pk": 3, "fields": {"product_name": "Great Tshirt", "slug": "great-tshirt", "description": "Lorem ipsum dolor sit amet, consectetur adipiscing elit. Vivamus ut massa sit amet mauris finibus efficitur. Maecenas vel sem erat. Nunc sollicitudin non lectus id vehicula. Fusce volutpat sagittis dictum. Pellentesque imperdiet purus vel nunc dignissim dignissim. Sed accumsan placerat lacus, consequat tempor mauris semper quis. Suspendisse volutpat dignissim felis non imperdiet. Pellentesque rutrum mattis mi consectetur gravida. Suspendisse quam ligula, pellentesque ac odio id, posuere molestie", "price": 119, "images": "photos/products/Great-Tshirt.jpg", "stock": 0, "is_available": true, "category": 3, "created_date": "2021-08-28T15:49:34.855Z", "modified_date": "2021-08-29T19:11:24.465Z"}}, {"model": "store.product", "pk": 4, "fields": {"product_name": "Jordan Basketball Shoes", "slug": "jordan-basketball-shoes", "description": "Lorem ipsum dolor sit amet, consectetur adipiscing elit. Vivamus ut massa sit amet mauris finibus efficitur. Maecenas vel sem erat. Nunc sollicitudin non lectus id vehicula. Fusce volutpat sagittis dictum. Pellentesque imperdiet purus vel nunc dignissim dignissim. Sed accumsan placerat lacus, consequat tempor mauris semper quis. Suspendisse volutpat dignissim felis non imperdiet. Pellentesque rutrum mattis mi consectetur gravida. Suspendisse quam ligula, pellentesque ac odio id, posuere molestie", "price": 999, "images": "photos/products/jordan-true-flight-basketball-shoes.jpg", "stock": 489, "is_available": true, "category": 4, "created_date": "2021-08-28T15:51:02.989Z", "modified_date": "2021-10-17T21:37:57.678Z"}}, {"model": "store.product", "pk": 5, "fields": {"product_name": "Mavi Jeans", "slug": "mavi-jeans", "description": "Lorem ipsum dolor sit amet, consectetur adipiscing elit. Vivamus ut massa sit amet mauris finibus efficitur. Maecenas vel sem erat. Nunc sollici", "price": 499, "images": "photos/products/Mavi_jeans.jpg", "stock": 1000, "is_available": true, "category": 5, "created_date": "2021-08-28T15:52:42.817Z", "modified_date": "2021-08-28T15:52:42.817Z"}}, {"model": "store.product", "pk": 6, "fields": {"product_name": "Puma Ferrari Shoes", "slug": "puma-ferrari-shoes", "description": "Aliquam a sollicitudin enim. Pellentesque id tincidunt neque. Nam quis risus ligula. Mauris id commodo leo. Nam dapibus ex ligula. Cras consequat magna commodo, viverra lacus vitae, tempor ipsum. Vestibulum rutrum sagittis enim, sit amet interdum lacus blandit quis. Vivamus dap", "price": 1099, "images": "photos/products/Puma-Ferrari-Shoes.jpg", "stock": 499, "is_available": true, "category": 4, "created_date": "2021-08-28T15:53:20.010Z", "modified_date": "2021-10-12T00:22:52.288Z"}}, {"model": "store.product", "pk": 7, "fields": {"product_name": "US Polo Assn Jacket", "slug": "us-polo-assn-jacket", "description": "Aliquam a sollicitudin enim. Pellentesque id tincidunt neque. Nam quis risus ligula. Mauris id commodo leo. Nam dapibus ex ligula. Cras consequat magna commodo, viverra lacus vitae, tempor ipsum. Vestibulum rutrum sagittis enim, sit amet interdum lacus blandit quis. Vivamus dap", "price": 899, "images": "photos/products/US-Polo-Assn_Jacket.jpg", "stock": 299, "is_available": true, "category": 6, "created_date": "2021-08-28T15:54:49.911Z", "modified_date": "2021-10-12T00:22:52.306Z"}}, {"model": "store.product", "pk": 8, "fields": {"product_name": "Wrangler Shirt", "slug": "wrangler-shirt", "description": "Aliquam a sollicitudin enim. Pellentesque id tincidunt neque. Nam quis risus ligula. Mauris id commodo leo. Nam dapibus ex ligula. Cras consequat magna commodo, viverra lacus vitae, tempor ipsum. Vestibulum rutrum sagittis enim, sit amet interdum lacus blandit quis. Vivamus dap", "price": 699, "images": "photos/products/Wrangler-Shirt.jpg", "stock": 1999, "is_available": true, "category": 2, "created_date": "2021-08-28T15:55:37.883Z", "modified_date": "2021-10-12T00:22:52.324Z"}}, {"model": "store.variation", "pk": 1, "fields": {"product": 1, "variation_category": "color", "variation_value": "Red", "is_active": true, "created_date": "2021-09-16T17:52:23.694Z"}}, {"model": "store.variation", "pk": 2, "fields": {"product": 1, "variation_category": "color", "variation_value": "Blue", "is_active": true, "created_date": "2021-09-16T17:52:51.444Z"}}, {"model": "store.variation", "pk": 3, "fields": {"product": 1, "variation_category": "color", "variation_value": "Green", "is_active": true, "created_date": "2021-09-16T17:53:42.066Z"}}, {"model": "store.variation", "pk": 4, "fields": {"product": 1, "variation_category": "size", "variation_value": "Small", "is_active": true, "created_date": "2021-09-16T18:34:14.414Z"}}, {"model": "store.variation", "pk": 5, "fields": {"product": 1, "variation_category": "size", "variation_value": "Medium", "is_active": true, "created_date": "2021-09-16T19:02:41.837Z"}}, {"model": "store.variation", "pk": 6, "fields": {"product": 1, "variation_category": "size", "variation_value": "Large", "is_active": true, "created_date": "2021-09-16T19:02:49.932Z"}}, {"model": "store.reviewrating", "pk": 1, "fields": {"product": 1, "user": 1, "subject": "Great pants", "review": "Sed cursus tortor at augue finibus interdum. Duis ac dictum sapien. Nam fringilla fermentum lacus ut ultricies. Fusce vel dapibus dui. Morbi ultricies lectus non ligula dignissim imperdiet. Vestibulum vitae pharetra mi, ut convallis felis. Nunc posuere sodales ex a ornare. Nam lacinia, felis", "rating": 4.5, "ip": "127.0.0.1", "status": true, "created_date": "2021-10-08T22:21:13.080Z", "updated_date": "2021-10-09T00:27:24.665Z"}}, {"model": "store.reviewrating", "pk": 2, "fields": {"product": 1, "user": 1, "subject": "Decent product", "review": "eger dignissim laoreet lorem egestas blandit. Ut luctus eget est quis egestas. Aenean auctor justo nec libero mattis, non vulputate mi vestibulum. Vestibulum dolor a", "rating": 2.5, "ip": "127.0.0.1", "status": true, "created_date": "2021-10-09T00:27:18.045Z", "updated_date": "2021-10-14T19:09:07.599Z"}}, {"model": "store.reviewrating", "pk": 3, "fields": {"product": 4, "user": 1, "subject": "Best shoes!", "review": "They are very good", "rating": 5.0, "ip": "127.0.0.1", "status": true, "created_date": "2021-10-14T18:59:30.977Z", "updated_date": "2021-10-14T19:08:55.755Z"}}, {"model": "store.reviewrating", "pk": 4, "fields": {"product": 8, "user": 1, "subject": "good", "review": "it is a good product", "rating": 4.5, "ip": "127.0.0.1", "status": true, "created_date": "2021-10-14T19:00:03.243Z", "updated_date": "2021-10-14T19:00:03.243Z"}}, {"model": "store.productgallery", "pk": 2, "fields": {"product": 1, "image": "store/products/image1.jpg"}}, {"model": "store.productgallery", "pk": 3, "fields": {"product": 1, "image": "store/products/image2.jpg"}}, {"model": "store.productgallery", "pk": 4, "fields": {"product": 1, "image": "store/products/Mavi_jeans.jpg"}}, {"model": "carts.cart", "pk": 4, "fields": {"cart_id": "1xxuyltza60lcwgi246ip3mt1ztufb95", "date_added": "2021-09-17"}}, {"model": "carts.cart", "pk": 5, "fields": {"cart_id": "5is17znuj6u8v3p5eyzzfejnxfk9o9jm", "date_added": "2021-09-19"}}, {"model": "carts.cart", "pk": 6, "fields": {"cart_id": "wv31ryzf94xpfjqxuiayic6fnsdy8jti", "date_added": "2021-09-19"}}, {"model": "carts.cart", "pk": 7, "fields": {"cart_id": "usmkceh73qr9dtfa7ev62j1adswapz5a", "date_added": "2021-09-20"}}, {"model": "carts.cart", "pk": 8, "fields": {"cart_id": "bmfiqsygsfshjymt88qr701pa6t8rjtm", "date_added": "2021-09-23"}}, {"model": "carts.cart", "pk": 9, "fields": {"cart_id": "w2qdz4x0960n920azh84vru1ga0hfkqg", "date_added": "2021-09-23"}}, {"model": "carts.cart", "pk": 10, "fields": {"cart_id": "k9qjodvec2bk2f4kq4pwlodmrrfgdeug", "date_added": "2021-09-23"}}, {"model": "carts.cart", "pk": 11, "fields": {"cart_id": "6dp01kf62nbwlz25zp4nag43sx0o9vua", "date_added": "2021-09-23"}}, {"model": "carts.cart", "pk": 12, "fields": {"cart_id": "ch1sflvayo8h9aoa4gjcn0fv0uqlpmvm", "date_added": "2021-09-23"}}, {"model": "carts.cart", "pk": 13, "fields": {"cart_id": "zy79kdkmirt14gc15qfj9ru581e4bkv2", "date_added": "2021-09-23"}}, {"model": "carts.cart", "pk": 14, "fields": {"cart_id": "4tmywo062w7h8zblessmvt2hu768tvvu", "date_added": "2021-09-23"}}, {"model": "carts.cart", "pk": 15, "fields": {"cart_id": "8yb639s4ap8jtejk1a7xjjz1zza8238t", "date_added": "2021-09-23"}}, {"model": "carts.cart", "pk": 16, "fields": {"cart_id": "yq8mr89deu9ojhqrpex1jkdtag4tygxc", "date_added": "2021-09-23"}}, {"model": "carts.cart", "pk": 17, "fields": {"cart_id": "a6i0s1b7sa4xz58ikls7gf1tteowxyyz", "date_added": "2021-09-23"}}, {"model": "carts.cart", "pk": 18, "fields": {"cart_id": "6px4ly5v9aga46hvgyjfyhnldqdg8un2", "date_added": "2021-09-23"}}, {"model": "carts.cart", "pk": 19, "fields": {"cart_id": "tjjf833xwv1h9hon93uwtkw5wfuij6er", "date_added": "2021-09-23"}}, {"model": "carts.cart", "pk": 20, "fields": {"cart_id": "qlwyz2v004srx6mgb1d3bu7si3gy9h01", "date_added": "2021-09-23"}}, {"model": "carts.cart", "pk": 21, "fields": {"cart_id": "f8415kbp82qzg4mf0qphuyvd1fhpiw0b", "date_added": "2021-09-23"}}, {"model": "carts.cart", "pk": 22, "fields": {"cart_id": "slif8ysg80slrqhemhrstzhquu6em7oe", "date_added": "2021-09-23"}}, {"model": "carts.cart", "pk": 23, "fields": {"cart_id": "rh3px8gcnh1tpvq3r7swpaghgd0wkyso", "date_added": "2021-09-23"}}, {"model": "carts.cart", "pk": 24, "fields": {"cart_id": "5d69b280g2undpl46utyf2xtp7md58j6", "date_added": "2021-09-23"}}, {"model": "carts.cart", "pk": 25, "fields": {"cart_id": "4zojg9qxc7v8adi05a8p0ylxh24d6397", "date_added": "2021-09-23"}}, {"model": "carts.cart", "pk": 26, "fields": {"cart_id": "s9k664w9libvkgtgwa267bdlq5iok1ku", "date_added": "2021-09-23"}}, {"model": "carts.cart", "pk": 27, "fields": {"cart_id": "511fo1tvv9qqapecgerjgb052ofn3amf", "date_added": "2021-09-23"}}, {"model": "carts.cart", "pk": 28, "fields": {"cart_id": "c558lgk246raszbv29av93a3x8roam80", "date_added": "2021-09-23"}}, {"model": "carts.cart", "pk": 29, "fields": {"cart_id": "a2hgdkw6ot2pchjdwd77tnerm3mxzu73", "date_added": "2021-09-23"}}, {"model": "carts.cart", "pk": 30, "fields": {"cart_id": "p1yj6zqwz770etekk44stuo02hr7hcsu", "date_added": "2021-09-23"}}, {"model": "carts.cart", "pk": 31, "fields": {"cart_id": "bf0zt8847bhk62od6xpnh6dwg4w552uo", "date_added": "2021-09-23"}}, {"model": "carts.cart", "pk": 32, "fields": {"cart_id": "ftevyhuugjbum4q3f7njhc9dkpdjihi7", "date_added": "2021-09-23"}}, {"model": "carts.cart", "pk": 33, "fields": {"cart_id": "wgb485zqt5koi3l9ketqwhhb5xxupfa1", "date_added": "2021-09-23"}}, {"model": "carts.cart", "pk": 34, "fields": {"cart_id": "bo28jgipoaapsiyp6zwvwua2ego66mk4", "date_added": "2021-09-23"}}, {"model": "carts.cart", "pk": 35, "fields": {"cart_id": "maqqkbnl5eljqfkdnsssxbzlh53mv2ng", "date_added": "2021-09-23"}}, {"model": "carts.cart", "pk": 36, "fields": {"cart_id": "ilgupuqw2fwe582wl9ryvun0pdfjg3zv", "date_added": "2021-09-23"}}, {"model": "carts.cart", "pk": 37, "fields": {"cart_id": "onjpx1p5iea7fw0ybqknpr07qppp1279", "date_added": "2021-09-23"}}, {"model": "carts.cart", "pk": 38, "fields": {"cart_id": "132r8a1gm7x3e8fge0096wdme4l93f3m", "date_added": "2021-09-23"}}, {"model": "carts.cart", "pk": 39, "fields": {"cart_id": "rw0znk1z15ic32xa0d3rwtqxcbxvm04u", "date_added": "2021-09-23"}}, {"model": "carts.cart", "pk": 40, "fields": {"cart_id": "pgu2ao3lll0dwqxpze74nebydyv01ere", "date_added": "2021-09-23"}}, {"model": "carts.cart", "pk": 41, "fields": {"cart_id": "1uz5qrkcj70k47oqu8is1dkr00pqud72", "date_added": "2021-09-23"}}, {"model": "carts.cart", "pk": 42, "fields": {"cart_id": "e0y9oc8748n8b6wkuj50dypy7vktz5rv", "date_added": "2021-09-23"}}, {"model": "carts.cart", "pk": 43, "fields": {"cart_id": "rdrxp5pevp3cderojczlz889oz8lt04x", "date_added": "2021-09-23"}}, {"model": "carts.cart", "pk": 44, "fields": {"cart_id": "h2aj5j1z8s366t97eon0ipx93zn4ht7y", "date_added": "2021-09-23"}}, {"model": "carts.cart", "pk": 45, "fields": {"cart_id": "8zktuh074yq2j3wz0rc80wa1kbdgrtzc", "date_added": "2021-09-23"}}, {"model": "carts.cart", "pk": 46, "fields": {"cart_id": "8oyky5wnn9ozno8l6qvj9u5ngz6kek7m", "date_added": "2021-09-23"}}, {"model": "carts.cart", "pk": 47, "fields": {"cart_id": "j5kbd8ebhx40bn95y8lp59afm59lx3yc", "date_added": "2021-09-23"}}, {"model": "carts.cart", "pk": 48, "fields": {"cart_id": "833i61b20sawfqk3duy61yvxu0o8r4j4", "date_added": "2021-09-23"}}, {"model": "carts.cart", "pk": 49, "fields": {"cart_id": "5hbkh62sg149ee456weazfa0ui8cndfm", "date_added": "2021-09-23"}}, {"model": "carts.cart", "pk": 50, "fields": {"cart_id": "uyjf6qd9dhua2at5asoajkk7h6hm6bl0", "date_added": "2021-09-23"}}, {"model": "carts.cart", "pk": 51, "fields": {"cart_id": "y7psc2tgsjtzxt28l2atrh4fs21mfj8j", "date_added": "2021-09-23"}}, {"model": "carts.cart", "pk": 52, "fields": {"cart_id": "11srpq9qp508i6ehghm0ohjj6zxjmnjy", "date_added": "2021-09-23"}}, {"model": "carts.cart", "pk": 53, "fields": {"cart_id": "3vaqxoyl1bhir6mw29tkpxynkhs2mlbz", "date_added": "2021-09-23"}}, {"model": "carts.cart", "pk": 54, "fields": {"cart_id": "xxdjq0aeen06vcr8pj4ano3ggmr6cksr", "date_added": "2021-09-23"}}, {"model": "carts.cart", "pk": 55, "fields": {"cart_id": "bozevvn12c3gydhwypfmgf7g2pejdho6", "date_added": "2021-09-23"}}, {"model": "carts.cart", "pk": 56, "fields": {"cart_id": "azx5k068gc0ewu2phno0wn9w3ad4tegk", "date_added": "2021-09-23"}}, {"model": "carts.cart", "pk": 57, "fields": {"cart_id": "mz1etvmaipx103xv1tmvpepxkf3o1t0m", "date_added": "2021-09-23"}}, {"model": "carts.cart", "pk": 58, "fields": {"cart_id": "h3o46sseheg2u6xaq7v1s2q0m0ma10tx", "date_added": "2021-09-23"}}, {"model": "carts.cart", "pk": 59, "fields": {"cart_id": "g2lpg48xsdaddgphq3rzwkr1lnc0oztv", "date_added": "2021-09-23"}}, {"model": "carts.cart", "pk": 60, "fields": {"cart_id": "d4utf0f5rhne94ryftqaasjddlo09fdh", "date_added": "2021-09-23"}}, {"model": "carts.cart", "pk": 61, "fields": {"cart_id": "qjhxtes5emxqw9cc3vit24g7pqib33i6", "date_added": "2021-09-23"}}, {"model": "carts.cart", "pk": 62, "fields": {"cart_id": "l4hu5p9dd2of2l3v1v2zj1oupxaqluly", "date_added": "2021-09-29"}}, {"model": "carts.cart", "pk": 63, "fields": {"cart_id": "tijzufds04vmhq12bh13of7dyq51yw6o", "date_added": "2021-09-29"}}, {"model": "carts.cart", "pk": 64, "fields": {"cart_id": "ypb4j8rwcv6vdidlgbme6h9u3fb96ajm", "date_added": "2021-09-30"}}, {"model": "carts.cart", "pk": 65, "fields": {"cart_id": "wkrzoc3qdkkmtghhxbgye1nmbp1yyoot", "date_added": "2021-10-08"}}, {"model": "carts.cart", "pk": 66, "fields": {"cart_id": "vnx8xw5ry6uspqwj4xr6e7my28xtrjvf", "date_added": "2021-10-14"}}, {"model": "carts.cart", "pk": 67, "fields": {"cart_id": "uzg1egcf33lt1d1bgavrshw1q0tzanrj", "date_added": "2021-10-17"}}, {"model": "carts.cart", "pk": 68, "fields": {"cart_id": "8hrwwylrxpm40x1fnj5j6015r7zijdg2", "date_added": "2021-10-17"}}, {"model": "carts.cartitem", "pk": 46, "fields": {"user": null, "product": 1, "cart": 13, "quantity": 1, "is_active": true, "variations": [2, 5]}}, {"model": "carts.cartitem", "pk": 48, "fields": {"user": null, "product": 2, "cart": 14, "quantity": 1, "is_active": true, "variations": []}}, {"model": "carts.cartitem", "pk": 49, "fields": {"user": null, "product": 2, "cart": 15, "quantity": 1, "is_active": true, "variations": []}}, {"model": "carts.cartitem", "pk": 54, "fields": {"user": null, "product": 1, "cart": 20, "quantity": 1, "is_active": true, "variations": [1, 4]}}, {"model": "carts.cartitem", "pk": 57, "fields": {"user": null, "product": 4, "cart": 23, "quantity": 1, "is_active": true, "variations": []}}, {"model": "carts.cartitem", "pk": 58, "fields": {"user": null, "product": 2, "cart": 24, "quantity": 1, "is_active": true, "variations": []}}, {"model": "carts.cartitem", "pk": 60, "fields": {"user": null, "product": 2, "cart": 26, "quantity": 1, "is_active": true, "variations": []}}, {"model": "carts.cartitem", "pk": 61, "fields": {"user": null, "product": 2, "cart": 27, "quantity": 1, "is_active": true, "variations": []}}, {"model": "carts.cartitem", "pk": 62, "fields": {"user": null, "product": 4, "cart": 28, "quantity": 1, "is_active": true, "variations": []}}, {"model": "carts.cartitem", "pk": 64, "fields": {"user": null, "product": 8, "cart": 29, "quantity": 1, "is_active": true, "variations": []}}, {"model": "carts.cartitem", "pk": 69, "fields": {"user": null, "product": 1, "cart": 32, "quantity": 1, "is_active": true, "variations": [3, 6]}}, {"model": "carts.cartitem", "pk": 77, "fields": {"user": null, "product": 2, "cart": 36, "quantity": 1, "is_active": true, "variations": []}}, {"model": "carts.cartitem", "pk": 80, "fields": {"user": null, "product": 2, "cart": 38, "quantity": 1, "is_active": true, "variations": []}}, {"model": "carts.cartitem", "pk": 85, "fields": {"user": null, "product": 4, "cart": 40, "quantity": 1, "is_active": true, "variations": []}}, {"model": "carts.cartitem", "pk": 86, "fields": {"user": null, "product": 2, "cart": 40, "quantity": 1, "is_active": true, "variations": []}}, {"model": "carts.cartitem", "pk": 88, "fields": {"user": null, "product": 1, "cart": 42, "quantity": 1, "is_active": true, "variations": [1, 4]}}, {"model": "carts.cartitem", "pk": 89, "fields": {"user": null, "product": 2, "cart": 42, "quantity": 1, "is_active": true, "variations": []}}, {"model": "carts.cartitem", "pk": 93, "fields": {"user": null, "product": 2, "cart": 44, "quantity": 1, "is_active": true, "variations": []}}, {"model": "carts.cartitem", "pk": 94, "fields": {"user": null, "product": 4, "cart": 44, "quantity": 1, "is_active": true, "variations": []}}, {"model": "carts.cartitem", "pk": 95, "fields": {"user": null, "product": 1, "cart": 45, "quantity": 1, "is_active": true, "variations": [1, 4]}}, {"model": "carts.cartitem", "pk": 96, "fields": {"user": null, "product": 2, "cart": 45, "quantity": 1, "is_active": true, "variations": []}}, {"model": "carts.cartitem", "pk": 97, "fields": {"user": null, "product": 4, "cart": 45, "quantity": 1, "is_active": true, "variations": []}}, {"model": "carts.cartitem", "pk": 98, "fields": {"user": null, "product": 2, "cart": 46, "quantity": 1, "is_active": true, "variations": []}}, {"model": "carts.cartitem", "pk": 99, "fields": {"user": null, "product": 1, "cart": 46, "quantity": 1, "is_active": true, "variations": [1, 4]}}, {"model": "carts.cartitem", "pk": 115, "fields": {"user": null, "product": 1, "cart": 52, "quantity": 1, "is_active": true, "variations": [2, 5]}}, {"model": "carts.cartitem", "pk": 116, "fields": {"user": null, "product": 1, "cart": 52, "quantity": 1, "is_active": true, "variations": [1, 5]}}, {"model": "carts.cartitem", "pk": 120, "fields": {"user": null, "product": 1, "cart": 54, "quantity": 1, "is_active": true, "variations": [1, 5]}}, {"model": "carts.cartitem", "pk": 121, "fields": {"user": null, "product": 1, "cart": 54, "quantity": 1, "is_active": true, "variations": [2, 5]}}, {"model": "carts.cartitem", "pk": 122, "fields": {"user": null, "product": 1, "cart": 54, "quantity": 1, "is_active": true, "variations": [3, 5]}}, {"model": "carts.cartitem", "pk": 123, "fields": {"user": null, "product": 1, "cart": 55, "quantity": 1, "is_active": true, "variations": [1, 5]}}, {"model": "carts.cartitem", "pk": 124, "fields": {"user": null, "product": 1, "cart": 55, "quantity": 1, "is_active": true, "variations": [2, 5]}}, {"model": "carts.cartitem", "pk": 125, "fields": {"user": null, "product": 1, "cart": 55, "quantity": 1, "is_active": true, "variations": [3, 5]}}, {"model": "carts.cartitem", "pk": 126, "fields": {"user": null, "product": 1, "cart": 56, "quantity": 1, "is_active": true, "variations": [1, 5]}}, {"model": "carts.cartitem", "pk": 127, "fields": {"user": null, "product": 1, "cart": 56, "quantity": 1, "is_active": true, "variations": [2, 5]}}, {"model": "carts.cartitem", "pk": 128, "fields": {"user": null, "product": 1, "cart": 56, "quantity": 1, "is_active": true, "variations": [3, 5]}}, {"model": "carts.cartitem", "pk": 135, "fields": {"user": null, "product": 1, "cart": 60, "quantity": 1, "is_active": true, "variations": [1, 5]}}, {"model": "carts.cartitem", "pk": 136, "fields": {"user": null, "product": 1, "cart": 60, "quantity": 1, "is_active": true, "variations": [2, 5]}}, {"model": "carts.cartitem", "pk": 140, "fields": {"user": null, "product": 1, "cart": 61, "quantity": 1, "is_active": true, "variations": [2, 5]}}, {"model": "carts.cartitem", "pk": 141, "fields": {"user": null, "product": 1, "cart": 61, "quantity": 1, "is_active": true, "variations": [1, 5]}}, {"model": "carts.cartitem", "pk": 144, "fields": {"user": null, "product": 2, "cart": 61, "quantity": 1, "is_active": true, "variations": []}}, {"model": "carts.cartitem", "pk": 194, "fields": {"user": null, "product": 2, "cart": 66, "quantity": 1, "is_active": true, "variations": []}}, {"model": "orderz.payment", "pk": 20, "fields": {"user": 1, "payment_id": "2PX18638M6183584W", "payment_method": "Paypal", "amount_paid": "1317.8", "status": "COMPLETED", "created_at": "2021-10-14T19:07:49.670Z"}}, {"model": "orderz.payment", "pk": 21, "fields": {"user": 1, "payment_id": "7C685384935629914", "payment_method": "Paypal", "amount_paid": "2083.4", "status": "COMPLETED", "created_at": "2021-10-17T21:37:57.609Z"}}, {"model": "orderz.order", "pk": 47, "fields": {"user": 1, "payment": null, "order_number": "2021101447", "first_name": "Mateo", "last_name": "Bernasconi", "phone": "33 16058065", "email": "bernasconivargas.mateo@gmail.com", "address_line_1": "lalalalalalal land", "address_line_2": "", "state": "Jalisco", "city": "Guadalajara", "order_note": "", "order_total": 1317.8, "tax": 119.8, "status": "New", "ip": "127.0.0.1", "is_ordered": false, "created_at": "2021-10-14T19:01:24.672Z", "updated_at": "2021-10-14T19:01:24.678Z"}}, {"model": "orderz.order", "pk": 48, "fields": {"user": 1, "payment": 20, "order_number": "2021101448", "first_name": "Mateo", "last_name": "Bernasconi", "phone": "33 16058065", "email": "bernasconivargas.mateo@gmail.com", "address_line_1": "lalalalalalal land", "address_line_2": "", "state": "Jalisco", "city": "Guadalajara", "order_note": "", "order_total": 1317.8, "tax": 119.8, "status": "New", "ip": "127.0.0.1", "is_ordered": true, "created_at": "2021-10-14T19:07:36.143Z", "updated_at": "2021-10-14T19:07:49.675Z"}}, {"model": "orderz.order", "pk": 49, "fields": {"user": 1, "payment": null, "order_number": "2021101749", "first_name": "Mateo", "last_name": "Bernasconi", "phone": "33 16058065", "email": "bernasconivargas.mateo@gmail.com", "address_line_1": "lalalalalalal land", "address_line_2": "", "state": "Jalisco", "city": "Guadalajara", "order_note": "", "order_total": 218.9, "tax": 19.9, "status": "New", "ip": "127.0.0.1", "is_ordered": false, "created_at": "2021-10-17T21:21:01.298Z", "updated_at": "2021-10-17T21:21:01.308Z"}}, {"model": "orderz.order", "pk": 50, "fields": {"user": 1, "payment": 21, "order_number": "2021101750", "first_name": "Mateo", "last_name": "Bernasconi", "phone": "33 16058065", "email": "bernasconivargas.mateo@gmail.com", "address_line_1": "lalalalalalal land", "address_line_2": "", "state": "Jalisco", "city": "Guadalajara", "order_note": "", "order_total": 2083.4, "tax": 189.4, "status": "New", "ip": "127.0.0.1", "is_ordered": true, "created_at": "2021-10-17T21:37:03.153Z", "updated_at": "2021-10-17T21:37:57.614Z"}}, {"model": "orderz.orderproduct", "pk": 34, "fields": {"order": 48, "payment": 20, "user": 1, "product": 1, "quantity": 1, "product_price": 199.0, "ordered": true, "created_at": "2021-10-14T19:07:49.684Z", "updated_at": "2021-10-14T19:07:49.697Z", "variations": [1, 4]}}, {"model": "orderz.orderproduct", "pk": 35, "fields": {"order": 48, "payment": 20, "user": 1, "product": 4, "quantity": 1, "product_price": 999.0, "ordered": true, "created_at": "2021-10-14T19:07:49.709Z", "updated_at": "2021-10-14T19:07:49.716Z", "variations": []}}, {"model": "orderz.orderproduct", "pk": 36, "fields": {"order": 50, "payment": 21, "user": 1, "product": 2, "quantity": 1, "product_price": 99.0, "ordered": true, "created_at": "2021-10-17T21:37:57.622Z", "updated_at": "2021-10-17T21:37:57.629Z", "variations": []}}, {"model": "orderz.orderproduct", "pk": 37, "fields": {"order": 50, "payment": 21, "user": 1, "product": 1, "quantity": 3, "product_price": 199.0, "ordered": true, "created_at": "2021-10-17T21:37:57.642Z", "updated_at": "2021-10-17T21:37:57.654Z", "variations": [2, 4]}}, {"model": "orderz.orderproduct", "pk": 38, "fields": {"order": 50, "payment": 21, "user": 1, "product": 4, "quantity": 1, "product_price": 999.0, "ordered": true, "created_at": "2021-10-17T21:37:57.665Z", "updated_at": "2021-10-17T21:37:57.672Z", "variations": []}}, {"model": "orderz.orderproduct", "pk": 39, "fields": {"order": 50, "payment": 21, "user": 1, "product": 1, "quantity": 1, "product_price": 199.0, "ordered": true, "created_at": "2021-10-17T21:37:57.686Z", "updated_at": "2021-10-17T21:37:57.698Z", "variations": [1, 6]}}, {"model": "admin_honeypot.loginattempt", "pk": 1, "fields": {"username": "bernasconivargas.mateo@gmail.com", "ip_address": "127.0.0.1", "session_key": "k9hs8yww6zmyz1adh43hj2qp42s3twpo", "user_agent": "Mozilla/5.0 (Windows NT 10.0; Win64; x64) AppleWebKit/537.36 (KHTML, like Gecko) Chrome/94.0.4606.81 Safari/537.36", "timestamp": "2021-10-14T16:55:56.757Z", "path": "/admin/login/?next=/admin/"}}]
